year,state,all_death,nat_death,syn_death,methad_death,heroin_death,presc_rate,treat_fac,uninsur,uninsur_rate,insur,insur_rate,labor_force,employed,employed_rate,unemployed,unemployed_rate,poverty,poverty_rate,median_income
2006,Alabama,124,49,22,65,NA,115.6,88,621448,15.7,3340196,84.3,2167813,2080235,95.23134328358209,87578,4.76865671641791,743556,16.6,38811
2006,Alaska,29,14,NA,11,NA,63.4,52,120562,19.4,501193,80.6,349698,326545,91.01851851851852,23153,8.98148148148148,71120,10.9,58572
2006,Arizona,459,187,54,88,52,74.3,140,1185052,21.8,4262602,78.2,2990443,2864386,94.01333333333334,126057,5.98666666666666,860355,14.2,47315
2006,Arkansas,140,68,31,70,NA,98.3,37,486956,20.2,1927308,79.8,1365421,1294917,94.11466666666666,70504,5.88533333333333,471161,17.3,36627
2006,California,1511,820,154,276,274,51,1516,6829725,21.3,25174844,78.7,17654112,16789426,93.73448275862069,864686,6.26551724137931,4686706,13.1,56646
2006,Colorado,326,123,27,62,39,62.2,365,804462,18.7,3507083,81.3,2622246,2509731,95.8,112515,4.2,539332,11.6,52265
2006,Connecticut,224,38,11,59,87,64.7,165,348724,11.7,2640938,88.3,1828657,1749195,95.7375,79462,4.2625,281079,8.3,63352
2006,Delaware,37,13,12,13,NA,86.6,36,97688,13.2,640124,86.8,441184,425399,96.56666666666666,15785,3.43333333333333,88749,10.7,53714
2006,District of Columbia,55,14,NA,12,NA,31.7,38,69419,13.6,441769,86.4,316083,297786,94.2,18297,5.8,99671,18.1,51746
2006,Florida,1223,583,131,516,87,79.7,490,3730428,24.9,11227154,75.1,9000206,8709524,96.65671641791045,290682,3.34328358208955,2232534,12.6,45494
2006,Georgia,331,130,57,137,NA,79.8,165,1673525,19.7,6812285,80.3,4710786,4489132,94.98427672955975,221654,5.01572327044025,1340255,14.8,46808
2006,Hawaii,54,30,NA,19,NA,42.3,96,105508,9.8,972300,90.2,638262,621574,97.325,16688,2.675,117811,9.4,60554
2006,Idaho,70,30,NA,35,NA,75.6,47,226111,17.3,1083961,82.7,747379,721346,95.90227272727273,26033,4.09772727272727,182933,12.8,42846
2006,Illinois,870,107,375,91,63,55.6,526,1787151,16,9394847,84,6526283,6230845,95.29117647058824,295438,4.70882352941176,1536133,12.3,52012
2006,Indiana,176,49,48,49,NA,94.3,296,784146,14.3,4706507,85.7,3235120,3072118,94.7804347826087,163002,5.2195652173913,768642,12.5,45414
2006,Iowa,93,51,16,22,NA,59.3,83,272711,10.8,2253457,89.2,1657588,1596530,96.16969696969697,61058,3.83030303030303,315973,11,44560
2006,Kansas,120,62,19,44,NA,77.5,190,321869,13.5,2065599,86.5,1467098,1402804,96.18095238095239,64294,3.81904761904761,327103,12.2,45369
2006,Kentucky,331,169,50,170,NA,122.6,255,570294,15.6,3081460,84.4,2029239,1913479,93.61,115760,6.39,694866,17,39318
2006,Louisiana,194,61,14,117,14,109.2,106,864144,23.2,2863664,76.8,1497192,1432806,95.10175438596492,64386,4.89824561403508,808319,19.4,39122
2006,Maine,93,41,NA,47,NA,83.6,164,123132,11.1,989010,88.9,701548,669543,94.80625,32005,5.19375,163293,12.7,43472
2006,Maryland,565,109,53,178,111,60.1,304,764718,15.6,4129009,84.4,2963867,2849355,95.87083333333334,114512,4.12916666666666,436978,8,65041
2006,Massachusetts,659,153,88,148,37,66,221,530973,9.6,5009119,90.4,3413339,3246314,95.31428571428572,167025,4.68571428571428,623775,10,59930
2006,Michigan,594,169,199,148,149,80.2,460,1068071,12.3,7620260,87.7,5076667,4721094,92.0433734939759,355573,7.95662650602409,1328888,13.5,47187
2006,Minnesota,158,55,28,53,NA,50.3,224,425028,9.4,4096890,90.6,2887839,2772120,95.42068965517242,115719,4.57931034482758,487044,9.7,54022
2006,Mississippi,65,27,11,22,NA,102.7,77,524460,20.8,2001211,79.2,1290175,1205905,92.8158536585366,84270,7.18414634146341,588288,20.9,34615
2006,Missouri,403,151,140,88,61,80.5,208,727769,14.5,4302544,85.5,3029697,2882757,95.01826086956522,146940,4.98173913043478,783101,13.8,42838
2006,Montana,47,12,NA,27,NA,79.1,34,153974,18.9,661927,81.1,493621,476381,96.24107142857143,17240,3.75892857142857,132537,14.4,40299
2006,Nebraska,34,18,NA,10,NA,64.3,88,206291,13.5,1317818,86.5,970060,939881,97.06774193548388,30179,2.93225806451612,194595,11.3,45369
2006,Nevada,343,174,27,108,36,87.7,52,471408,20.9,1781813,79.1,1285319,1233288,95.57058823529412,52031,4.42941176470588,257828,10.5,52800
2006,New Hampshire,104,37,14,43,NA,75,37,139779,12.3,1000902,87.7,731859,706779,96.67,25080,3.33,101872,8,59265
2006,New Jersey,372,140,38,72,106,54.7,274,1310811,17.5,6161882,82.5,4445880,4236485,95.15238095238097,209395,4.84761904761904,740721,8.7,64549
2006,New Mexico,243,165,24,56,21,61.8,57,437404,25.8,1257350,74.2,928098,889449,95.48181818181818,38649,4.51818181818181,350120,18.3,40610
2006,New York,1010,281,137,310,111,44.2,913,2602283,15.7,13939592,84.3,9508160,9077534,95.34677419354838,430626,4.65322580645161,2670773,14.2,51340
2006,North Carolina,696,245,105,337,57,85.2,259,1465121,18.6,6391208,81.4,4444969,4234094,94.818,210875,5.182,1256624,14.6,42721
2006,North Dakota,NA,NA,NA,NA,NA,56,54,67813,12.5,473731,87.5,361464,349823,96.15471698113208,11641,3.84528301886792,71059,11.7,41852
2006,Ohio,634,250,128,173,124,87.7,355,1209675,12.3,8615171,87.7,5945504,5624446,94.17727272727274,321058,5.82272727272727,1475788,13.2,44609
2006,Oklahoma,383,208,45,151,NA,108.7,128,646840,21,2438157,79,1715800,1647099,95.93506493506494,68701,4.06493506493506,576689,16.7,38753
2006,Oregon,359,122,27,145,60,91,186,615610,19.1,2606917,80.9,1885381,1785041,94.03888888888889,100340,5.96111111111111,487358,13.4,46228
2006,Pennsylvania,418,140,93,98,94,69.5,359,1197745,11.5,9208076,88.5,6294512,6006635,95.14626865671642,287877,4.85373134328358,1442858,12,46256
2006,Rhode Island,130,33,NA,45,10,78.7,47,110118,12.2,791532,87.8,572603,544357,95.42,28246,4.58,117585,11.5,51324
2006,South Carolina,214,115,41,69,NA,90.4,76,726846,19.2,3050311,80.8,2109107,1973341,92.24130434782609,135766,7.75869565217391,657405,15.7,41204
2006,South Dakota,23,18,NA,NA,NA,50,51,89706,13.3,582740,86.7,435019,421488,96.26818181818182,13531,3.73181818181818,102589,13.6,42432
2006,Tennessee,470,221,64,183,NA,124.8,157,842331,15.9,4470523,84.1,3036029,2878454,93.86947368421053,157575,6.13052631578947,947105,16.1,40368
2006,Texas,1067,564,111,223,212,66.8,430,5854743,27.6,15378297,72.4,11328001,10774491,95.20275590551182,553510,4.79724409448818,3862741,16.9,44943
2006,Utah,331,192,38,109,46,87,102,400573,16.7,1996284,83.3,1318455,1279332,96.6,39123,3.4,269611,10.7,51373
2006,Vermont,57,24,15,27,NA,56.9,31,68944,12.9,465412,87.1,356997,343865,96.08571428571429,13132,3.91428571428571,61694,10.2,47778
2006,Virginia,408,168,63,113,71,67.2,105,1034424,15.5,5647590,84.5,3978654,3855644,96.25563909774436,123010,3.74436090225563,713181,9.6,56297
2006,Washington,661,263,51,337,54,80.8,379,801215,14.2,4838782,85.8,3323935,3156625,93.68974358974359,167310,6.31025641025641,736907,11.8,52571
2006,West Virginia,285,155,50,104,NA,129.9,60,275611,18.1,1243367,81.9,806171,766403,94.54,39768,5.46,310842,17.6,35028
2006,Wisconsin,334,159,56,116,28,64.7,198,474052,9.9,4329924,90.1,3058940,2914152,94.79444444444445,144788,5.20555555555555,589377,10.9,48784
2006,Wyoming,14,NA,NA,NA,NA,79.9,44,74486,16.5,378317,83.5,281250,272339,96.73478260869567,8911,3.26521739130434,51728,10.3,47819
2007,Alabama,165,66,21,86,NA,120.3,94,579599,14.6,3398728,85.4,2175614,2089131,95.1,86483,4.9,750197,16.6,40596
2007,Alaska,15,NA,NA,NA,NA,66.6,55,120729,19.4,500894,80.6,350786,328579,91.57037037037037,22207,8.42962962962963,65266,9.8,62854
2007,Arizona,461,218,38,81,51,77.8,145,1165954,21.1,4371395,78.9,3034015,2917116,94.56666666666666,116899,5.43333333333333,876120,14.1,49923
2007,Arkansas,148,87,27,63,NA,108.2,36,479294,19.9,1931902,80.1,1369289,1296573,93.95066666666668,72716,6.04933333333333,483510,17.6,38239
2007,California,1657,917,138,312,291,53.6,1512,6465408,20.2,25603021,79.8,17893090,16931594,93.21551724137932,961496,6.78448275862068,4445392,12.4,59928
2007,Colorado,353,185,44,58,39,65.9,364,787080,18,3591266,82,2664682,2565220,96.43125,99462,3.56875,548520,11.5,55517
2007,Connecticut,244,33,22,57,118,67.5,170,325910,10.8,2681750,89.2,1856200,1773156,95.625,83044,4.375,269045,7.9,65969
2007,Delaware,45,12,NA,18,10,92.3,29,92616,12.4,653738,87.6,443573,428312,96.56666666666666,15261,3.43333333333333,86653,10.3,55988
2007,District of Columbia,29,NA,NA,NA,NA,41.2,39,61680,11.9,456576,88.1,322237,304426,94.5,17811,5.5,95441,17.1,54812
2007,Florida,1473,769,137,568,78,82.2,469,3615358,24.2,11306112,75.8,9157134,8789775,95.8134328358209,367359,4.1865671641791,2167111,12.1,47804
2007,Georgia,385,139,65,168,11,82.5,158,1632316,19,6964411,81,4815821,4597638,94.99874213836478,218183,5.00125786163522,1329161,14.3,49080
2007,Hawaii,78,49,NA,20,NA,44.5,109,96622,9,977283,91,638395,620535,97.05,17860,2.95,106232,8.5,62613
2007,Idaho,62,32,10,23,NA,78.8,58,225232,17.1,1095423,82.9,754436,731235,96.57272727272728,23201,3.42727272727272,177830,12.1,46136
2007,Illinois,691,144,101,98,63,59.2,566,1670278,14.9,9572453,85.1,6665612,6334013,94.82352941176471,331599,5.17647058823529,1496152,11.9,54141
2007,Indiana,241,81,51,79,18,99.7,290,715766,13,4788956,87,3207691,3061042,95.29239130434783,146649,4.70760869565217,755245,12.3,47422
2007,Iowa,107,53,18,37,NA,57.1,89,274879,10.8,2260811,89.2,1660676,1599332,96.15050505050506,61344,3.84949494949494,316303,11,47324
2007,Kansas,117,57,19,45,NA,80.6,204,330694,13.7,2076998,86.3,1483464,1420452,96.19333333333334,63012,3.80666666666666,301826,11.2,47341
2007,Kentucky,343,184,37,155,NA,130.8,267,602995,16.5,3043340,83.5,2032100,1922223,93.85666666666667,109877,6.14333333333333,706947,17.2,40299
2007,Louisiana,212,88,21,106,NA,110.1,117,871231,22.8,2945050,77.2,2030438,1944041,94.984375,86397,5.015625,783922,18.8,40866
2007,Maine,102,53,NA,45,NA,85.4,177,119750,10.8,985920,89.2,700444,667771,94.6625,32673,5.3375,155764,12.2,45832
2007,Maryland,600,132,35,201,129,63.3,310,714982,14.5,4217733,85.5,2970092,2867347,96.2125,102745,3.7875,455601,8.3,67989
2007,Massachusetts,649,170,74,125,68,68.2,219,435894,7.8,5163141,92.2,3426002,3268097,95.53571428571429,157905,4.46428571428571,621561,10,62383
2007,Michigan,506,182,71,153,114,85.6,462,1042613,12.1,7577395,87.9,5011123,4658943,91.95060240963856,352180,8.04939759036144,1370287,13.9,47931
2007,Minnesota,180,81,25,55,NA,53.7,250,436345,9.6,4109514,90.4,2906398,2773708,94.83563218390805,132690,5.16436781609195,481330,9.5,55664
2007,Mississippi,95,45,22,31,NA,109.9,80,519312,20.5,2008279,79.5,1303519,1224062,92.85365853658537,79457,7.14634146341463,583360,20.7,36424
2007,Missouri,390,172,70,89,67,84.3,216,716596,14.2,4326201,85.8,3034582,2879652,94.66869565217392,154930,5.33130434782608,758844,13.3,45012
2007,Montana,62,25,NA,27,NA,81.1,39,153907,18.9,662237,81.1,502072,484194,96.15535714285716,17878,3.84464285714285,131433,14.1,43000
2007,Nebraska,39,23,NA,13,NA,65.1,87,209111,13.7,1319705,86.3,978769,949493,97.12580645161292,29276,2.87419354838709,190463,11.1,47072
2007,Nevada,376,187,23,124,42,90.2,50,472055,20.7,1804594,79.3,1330399,1270575,95.47058823529412,59824,4.52941176470588,267829,10.6,54996
2007,New Hampshire,145,54,16,65,NA,78.5,38,135552,11.9,1006955,88.1,737936,712007,96.5,25929,3.5,93005,7.3,62048
2007,New Jersey,339,134,33,78,103,57.2,277,1228822,16.4,6268603,83.6,4441800,4251816,95.57142857142858,189984,4.42857142857142,725723,8.5,67142
2007,New Mexico,266,175,19,52,28,69,72,450870,26.7,1240130,73.3,934029,898998,95.95454545454547,35031,4.04545454545454,344060,17.9,41509
2007,New York,1029,394,113,295,195,46.1,895,2541757,15.2,14162235,84.8,9522064,9088212,95.29516129032258,433852,4.70483870967742,2584756,13.8,53448
2007,North Carolina,750,304,112,333,50,87.5,301,1453309,18.2,6520800,81.8,4512865,4300308,94.851,212557,5.149,1256867,14.3,44772
2007,North Dakota,17,NA,NA,NA,NA,59.3,56,71997,13.3,468528,86.7,367236,355768,96.27358490566039,11468,3.72641509433962,72242,11.8,43936
2007,Ohio,705,284,109,194,156,92.7,347,1182044,12,8644494,88,5990296,5657721,94.04886363636363,332575,5.95113636363636,1458625,13.1,46645
2007,Oklahoma,492,284,67,181,NA,114.4,147,598090,19.4,2479408,80.6,1726260,1655494,95.88441558441559,70766,4.11558441558441,552915,15.8,41551
2007,Oregon,358,94,18,138,110,95.5,192,608893,18.8,2629821,81.2,1921771,1822775,94.31111111111112,98996,5.68888888888888,476647,13,48735
2007,Pennsylvania,492,214,83,124,86,73.7,413,1167286,11.2,9255216,88.8,6343004,6064067,95.28059701492538,278937,4.71940298507462,1392872,11.6,48562
2007,Rhode Island,87,17,NA,29,NA,82.2,46,105801,11.8,791603,88.2,573173,543401,95.22,29772,4.78,121172,11.9,52755
2007,South Carolina,199,112,35,59,NA,91.7,80,694350,18.2,3129556,81.8,2125896,2005687,92.98260869565217,120209,7.01739130434782,646061,15.1,43508
2007,South Dakota,20,11,NA,NA,NA,49.9,51,91620,13.6,583400,86.4,442510,430018,96.55,12492,3.45,101420,13.2,43507
2007,Tennessee,479,236,84,159,NA,128.8,158,857289,16.1,4478200,83.9,3063676,2920357,94.50526315789475,143319,5.49473684210526,945263,15.8,42389
2007,Texas,1021,515,118,195,214,71.2,435,5765132,26.8,15739550,73.2,11431664,10941425,95.78897637795276,490239,4.21102362204724,3787071,16.3,47563
2007,Utah,359,238,33,87,51,89.8,112,388199,15.7,2082765,84.3,1359136,1324060,97.03448275862068,35076,2.96551724137931,254385,9.8,55220
2007,Vermont,52,28,15,17,NA,56,31,60093,11.3,471721,88.7,353731,339559,95.61428571428571,14172,4.38571428571428,60609,10.1,49698
2007,Virginia,502,216,68,142,95,70.1,108,1014834,15.1,5720662,84.9,4036854,3914094,96.28195488721805,122760,3.71804511278195,739135,9.9,59575
2007,Washington,651,276,37,277,75,84.4,391,749936,13.2,4944059,86.8,3403169,3243308,93.90256410256411,159861,6.09743589743589,722589,11.4,55628
2007,West Virginia,332,177,80,93,21,135.1,63,251709,16.7,1254504,83.3,811164,773993,94.8618181818182,37171,5.13818181818181,302169,17.1,37057
2007,Wisconsin,371,180,55,140,34,69.2,207,466930,9.7,4363319,90.3,3087841,2936459,94.6138888888889,151382,5.38611111111111,589168,10.8,50567
2007,Wyoming,25,NA,NA,NA,NA,80.8,44,72186,15.7,387893,84.3,286558,278485,97.07826086956521,8073,2.92173913043478,48149,9.5,52433
2008,Alabama,185,73,19,101,NA,126.1,92,600542,15.3,3314761,84.7,2176491,2053479,93.02388059701494,123012,6.97611940298507,721875,15.9,42586
2008,Alaska,88,51,13,30,NA,68.5,54,128812,20.5,498724,79.5,356111,332288,91.18518518518519,23823,8.81481481481481,61871,9.2,67332
2008,Arizona,494,255,49,89,63,80.9,137,1138508,20.5,4402663,79.5,3104864,2913905,91.88666666666667,190959,8.11333333333333,935247,14.7,51009
2008,Arkansas,197,110,43,89,NA,112.1,41,472500,19.8,1910830,80.2,1375263,1300020,93.79333333333334,75243,6.20666666666666,479140,17.3,38820
2008,California,1801,1082,155,337,325,55.1,1499,6166623,19.2,25958883,80.8,18178125,16854483,91.36206896551725,1323642,8.63793103448275,4781201,13.3,61017
2008,Colorado,355,176,39,48,48,67.7,368,785439,18.1,3555985,81.9,2716628,2585246,95.3953125,131382,4.6046875,540845,11.2,57184
2008,Connecticut,230,38,16,47,109,68.7,158,298164,10.1,2643639,89.9,1881454,1774680,94.4625,106774,5.5375,308479,9.1,68294
2008,Delaware,65,29,NA,18,NA,95.4,34,85208,11.7,645839,88.3,447043,424915,95.03333333333335,22128,4.96666666666666,87977,10.3,58380
2008,District of Columbia,31,NA,NA,NA,NA,34.5,39,42390,8.6,450753,91.4,330544,309192,93.5,21352,6.5,95232,16.9,58553
2008,Florida,1478,858,132,463,108,84.3,477,3581341,24.2,11207569,75.8,9215533,8637169,93.5268656716418,578364,6.4731343283582,2375225,13.3,47802
2008,Georgia,404,193,57,138,23,86.3,161,1700333,20.1,6755261,79.9,4879258,4575008,93.10503144654088,304250,6.89496855345912,1388959,14.7,50834
2008,Hawaii,53,34,NA,10,NA,46.6,114,85490,7.7,1019478,92.3,639691,612120,95.125,27571,4.875,116618,9.3,66701
2008,Idaho,72,47,NA,18,NA,82.7,67,250615,19.1,1061904,80.9,755150,716648,94.63409090909092,38502,5.36590909090909,186015,12.5,47561
2008,Illinois,846,178,83,83,107,60.2,566,1542646,13.9,9521474,86.1,6657238,6238620,93.39803921568628,418618,6.60196078431372,1529235,12.2,56230
2008,Indiana,311,109,54,84,56,103.3,268,817222,15.1,4588117,84.9,3232097,3041827,93.84565217391305,190270,6.15434782608695,799567,12.9,48010
2008,Iowa,127,78,25,27,10,59.1,84,248020,10,2233944,90,1679304,1608702,95.61111111111111,70602,4.38888888888888,331057,11.4,49007
2008,Kansas,96,48,18,22,NA,82.7,201,305209,12.8,2071771,87.2,1499683,1430635,95.9857142857143,69048,4.01428571428571,307804,11.3,50174
2008,Kentucky,365,229,44,126,12,136.6,265,542705,15,3065919,85,2030744,1900687,92.91583333333334,130057,7.08416666666666,716951,17.3,41489
2008,Louisiana,130,59,10,47,14,113.7,127,732996,19.5,3029762,80.5,2084846,1982385,94.2875,102461,5.7125,755150,17.6,43635
2008,Maine,105,46,15,50,NA,88.7,170,131753,12.1,956030,87.9,701641,663177,93.80625,38464,6.19375,161170,12.6,46419
2008,Maryland,513,173,35,154,105,65.5,316,596241,12.3,4240175,87.7,3001958,2874990,95.32916666666667,126968,4.67083333333333,448788,8.2,70482
2008,Massachusetts,596,141,54,80,58,69.2,227,240442,4.4,5216110,95.6,3452445,3261407,94.62142857142858,191038,5.37857142857142,632158,10.1,65304
2008,Michigan,643,222,73,150,216,89.9,452,1054990,12.4,7442154,87.6,4921471,4529293,91.09638554216868,392178,8.90361445783132,1402736,14.4,48606
2008,Minnesota,227,90,32,60,NA,56.5,258,423662,9.5,4056105,90.5,2925088,2766337,94.02298850574714,158751,5.97701149425287,489714,9.6,57318
2008,Mississippi,106,58,34,15,NA,113.2,77,479108,19.3,1997123,80.7,1306773,1220991,92.26341463414634,85782,7.73658536585365,590480,20.8,37818
2008,Missouri,475,224,55,89,120,86.8,211,711271,14.3,4265189,85.7,3028870,2842851,93.74347826086957,186019,6.25652173913043,774937,13.5,46847
2008,Montana,70,27,16,26,NA,85.3,38,166021,20.4,647810,79.6,509162,483348,94.89464285714286,25814,5.10535714285714,132971,14.1,43948
2008,Nebraska,29,14,NA,10,NA,66.2,93,184040,12.2,1320593,87.8,989766,956768,96.79247311827957,32998,3.20752688172043,186480,10.8,49731
2008,Nevada,397,214,27,112,31,97,62,529094,23.2,1747694,76.8,1363575,1272188,93.6,91387,6.4,288334,11.2,56432
2008,New Hampshire,94,48,14,21,11,81.7,35,134877,12.1,980663,87.9,742796,714115,96.16,28681,3.84,99939,7.8,63235
2008,New Jersey,331,124,19,52,116,59.5,278,1017136,13.7,6397129,86.3,4504433,4263966,94.4952380952381,240467,5.5047619047619,740069,8.7,70347
2008,New Mexico,324,204,22,52,65,71.4,85,404763,23.9,1292204,76.1,944550,902414,95.31818181818181,42136,4.68181818181818,329857,17,43719
2008,New York,1116,466,121,277,219,48.4,880,2156461,13.1,14317237,86.9,9664779,9139082,94.23064516129033,525697,5.76935483870967,2595816,13.7,55980
2008,North Carolina,846,409,127,301,64,88.6,317,1361040,17.4,6481711,82.6,4560061,4281715,93.282,278346,6.718,1301882,14.6,46574
2008,North Dakota,32,13,NA,NA,NA,61.7,56,61607,11.6,467800,88.4,371025,359333,96.40754716981132,11692,3.59245283018867,70654,11.5,45996
2008,Ohio,814,330,107,182,238,97.5,337,1261883,13.1,8404854,86.9,5965179,5580849,92.9625,384330,7.0375,1489314,13.3,48011
2008,Oklahoma,410,249,70,114,NA,111.3,141,660010,21.5,2415131,78.5,1746475,1681084,96.30909090909091,65391,3.69090909090909,554237,15.7,42836
2008,Oregon,342,92,22,134,93,99.1,210,579896,18,2647345,82,1955125,1827352,92.78333333333335,127773,7.21666666666666,501475,13.5,50165
2008,Pennsylvania,611,260,99,111,158,76.5,438,1080141,10.6,9119557,89.4,6451540,6109644,94.2910447761194,341896,5.70895522388059,1454240,12.1,50702
2008,Rhode Island,133,29,13,28,NA,82.9,48,103424,11.8,771330,88.2,570328,525941,92.8,44387,7.2,122173,12.1,54562
2008,South Carolina,218,120,41,58,11,94.1,80,721391,19.2,3030362,80.8,2142239,1996412,91.61739130434783,145827,8.38260869565217,680134,15.7,44695
2008,South Dakota,31,15,NA,NA,NA,52.1,49,84655,12.7,583847,87.3,446617,432927,96.3969696969697,13690,3.6030303030303,98248,12.7,46244
2008,Tennessee,480,266,98,118,NA,132.9,160,777755,14.8,4485586,85.2,3054801,2853759,92.15473684210527,201042,7.84526315789473,939056,15.5,43610
2008,Texas,944,440,86,173,250,71.3,401,5494593,25.7,15854396,74.3,11664407,11104135,95.44448818897638,560272,4.55551181102362,3755944,15.8,50049
2008,Utah,350,227,26,99,68,91.3,114,399117,16.3,2055678,83.7,1371201,1322089,96.00689655172414,49112,3.99310344827586,261556,9.7,56820
2008,Vermont,57,32,14,17,NA,56.5,36,53056,10.3,463796,89.7,354891,338284,94.93571428571428,16607,5.06428571428571,62505,10.4,52111
2008,Virginia,490,216,89,139,87,73,111,874962,13.2,5739146,86.8,4133464,3970441,95.20902255639098,163023,4.79097744360902,766852,10.2,61210
2008,Washington,690,302,53,290,67,86.6,390,796579,14,4877539,86,3478579,3291311,93.37435897435898,187268,6.62564102564102,727156,11.3,58081
2008,West Virginia,371,218,87,86,36,145.5,62,259978,17.4,1230893,82.6,812905,777560,95.08545454545455,35345,4.91454545454545,308064,17.4,37528
2008,Wisconsin,369,176,53,119,67,70.6,203,476388,10,4276098,90,3091808,2940442,94.5875,151366,5.4125,573574,10.5,52103
2008,Wyoming,40,19,11,NA,NA,81,44,71703,15.8,383511,84.2,293279,284308,96.85217391304349,8971,3.14782608695652,49465,9.5,54735
2009,Alabama,206,92,31,88,12,131.6,99,623621,15.8,3323605,84.2,2163003,1924749,86.82835820895531,238254,13.1716417910447,805223,17.5,40547
2009,Alaska,90,60,22,21,NA,67.3,63,144785,22.7,492416,77.3,359653,331794,90.25555555555556,27859,9.74444444444444,61949,9.1,66712
2009,Arizona,605,312,55,105,84,84.2,175,1118761,19.9,4512720,80.1,3128111,2817578,87.0666666666667,310533,12.9333333333333,1065728,16.5,48711
2009,Arkansas,201,124,59,70,NA,116,33,471567,19.6,1936136,80.4,1358908,1252399,91.344,106509,8.656,519026,18.5,37888
2009,California,1987,1147,201,426,352,55.6,1491,6491176,20.1,25824942,79.9,18215141,16182572,87.6017241379311,2032569,12.3982758620689,5132640,14.2,58925
2009,Colorado,397,170,68,57,70,69.8,356,756645,17.2,3643276,82.8,2722989,2524446,93.50625,198543,6.49375,618676,12.6,55735
2009,Connecticut,216,31,20,42,99,68.1,156,299521,10.2,2646151,89.8,1891085,1740975,92.2625,150110,7.7375,318008,9.3,66906
2009,Delaware,81,41,19,21,NA,97.5,30,88758,12,649051,88,437499,401311,91.8,36188,8.2,96409,11.2,56985
2009,District of Columbia,13,NA,NA,NA,NA,34.4,36,40951,8.2,459566,91.8,335672,304500,90.7,31172,9.3,100489,17.6,58906
2009,Florida,1590,1011,171,471,96,86.3,454,3735524,24.9,11241650,75.1,9094832,8148129,89.9208955223881,946703,10.0791044776119,2712692,15,44755
2009,Georgia,490,252,83,165,21,88.2,158,1815729,21.2,6735725,78.8,4787765,4311867,89.15157232704411,475898,10.8484276729559,1585116,16.6,47469
2009,Hawaii,57,35,NA,20,NA,47.8,114,91365,8.2,1022068,91.8,631691,586523,91.225,45168,8.775,131896,10.4,63741
2009,Idaho,62,35,11,16,NA,85.2,62,257017,19.3,1072019,80.7,757130,690719,91.20909090909092,66411,8.79090909090909,217528,14.4,44644
2009,Illinois,886,195,111,88,116,61,582,1658111,15,9391428,85,6618657,5943223,90.05490196078432,675434,9.94509803921568,1671343,13.3,53974
2009,Indiana,319,148,64,80,63,105.6,267,882602,16.2,4551518,83.8,3194005,2864992,89.0826086956522,329013,10.9173913043478,895619,14.4,45427
2009,Iowa,141,83,35,31,NA,60.4,85,247530,10,2239385,90,1687417,1579249,93.20101010101011,108168,6.79898989898989,342309,11.8,48065
2009,Kansas,148,60,35,45,11,82.8,178,349636,14.6,2042590,85.4,1518218,1413878,94.3352380952381,104340,5.6647619047619,359692,13.2,47709
2009,Kentucky,434,290,65,92,23,135.2,270,601743,16.5,3037811,83.5,2060171,1847134,88.5841666666667,213037,11.4158333333333,771876,18.4,40061
2009,Louisiana,122,57,16,19,11,113,126,766181,20,3059239,80,2064776,1923890,91.94375,140886,8.05625,769001,17.6,42460
2009,Maine,114,75,16,40,NA,87.9,148,135054,12.5,947600,87.5,696244,639935,91.03125,56309,8.96875,161504,12.6,45708
2009,Maryland,586,192,52,136,156,66.9,292,627606,12.9,4254164,87.1,3032700,2820247,92.35,212453,7.65,509141,9.2,69193
2009,Massachusetts,622,153,63,116,61,68.9,236,269241,4.9,5254315,95.1,3470388,3189008,92.05714285714286,281380,7.94285714285714,658497,10.3,64057
2009,Michigan,736,212,93,179,250,91.6,442,1173560,13.9,7253356,86.1,4903550,4233804,85.8843373493976,669746,14.1156626506024,1565559,16.1,45254
2009,Minnesota,272,110,39,78,16,58.6,274,460534,10.2,4044048,89.8,2941981,2713427,91.96781609195403,228554,8.03218390804597,558118,10.9,55621
2009,Mississippi,96,44,31,18,NA,117.3,77,509923,20.5,1972171,79.5,1269226,1148934,88.8585365853659,120292,11.1414634146341,620446,21.8,36764
2009,Missouri,526,189,67,80,162,88.5,213,764772,15.2,4268653,84.8,3049576,2766716,90.71652173913044,282860,9.28347826086956,850316,14.6,45149
2009,Montana,89,42,21,37,NA,85.8,41,176837,21.7,639952,78.3,501021,466713,93.59821428571429,34308,6.40178571428571,142257,15,42222
2009,Nebraska,66,35,11,19,NA,66.4,97,202324,13.3,1314136,86.7,991589,945652,95.74301075268818,45937,4.25698924731182,212312,12.2,47470
2009,Nevada,439,256,42,126,22,94,65,565573,24.5,1743606,75.5,1349301,1196760,90.47058823529412,152541,9.52941176470588,323738,12.4,53310
2009,New Hampshire,126,45,22,45,24,81.5,37,133464,12,980584,88,744246,697820,93.83,46426,6.17,110769,8.6,60734
2009,New Jersey,55,14,NA,NA,19,59.9,282,1071584,14.4,6344896,85.6,4550646,4138571,90.71904761904761,412075,9.28095238095238,798258,9.4,68444
2009,New Mexico,200,119,24,21,48,75.3,85,394687,22.9,1326358,77.1,940352,869492,92.42121212121214,70860,7.57878787878787,359030,18.2,42830
2009,New York,1058,455,177,238,251,49.5,876,2172693,13.2,14335919,86.8,9647494,8844492,91.78225806451613,803002,8.21774193548387,2708119,14.2,54554
2009,North Carolina,857,426,169,249,76,89.3,341,1431168,18,6505512,82,4570808,4087116,88.747,483692,11.253,1475063,16.2,43754
2009,North Dakota,17,NA,NA,NA,NA,60.3,54,61244,11.5,472928,88.5,368670,353456,95.5811320754717,15214,4.4188679245283,72911,11.7,47898
2009,Ohio,664,289,91,122,214,100.4,321,1358090,14,8325419,86,5906767,5297098,88.3443181818182,609669,11.6556818181818,1699288,15.1,45467
2009,Oklahoma,568,343,160,112,17,115,152,666731,21.4,2444669,78.6,1764439,1652026,93.51818181818182,112413,6.48181818181818,575711,16.1,41716
2009,Oregon,368,127,30,114,117,99.3,222,628573,19.4,2618392,80.6,1976643,1753686,88.3305555555556,222957,11.6694444444444,536813,14.3,48325
2009,Pennsylvania,637,292,105,103,175,78.1,441,1203026,11.7,9113366,88.3,6400267,5885356,91.20298507462687,514911,8.79701492537313,1517347,12.5,49501
2009,Rhode Island,115,26,11,40,NA,82.5,54,116176,13.3,757924,86.7,567285,504955,89.78,62330,10.22,122379,12,53243
2009,South Carolina,238,126,56,58,19,95.8,86,737955,19.4,3064770,80.6,2152753,1910675,86.7260869565218,242078,13.2739130434782,753286,17.1,42580
2009,South Dakota,35,19,12,NA,NA,52.3,46,99891,14.8,575046,85.2,446014,423993,94.82575757575758,22021,5.17424242424242,110863,14.2,45048
2009,Tennessee,535,342,75,104,21,138.4,150,867718,16.3,4454060,83.7,3052692,2733118,87.4936842105264,319574,12.5063157894736,1055635,17.2,41715
2009,Texas,1151,534,166,177,305,71.8,394,5710171,26.3,16020821,73.7,11910813,11008912,92.70393700787402,901901,7.29606299212598,4143077,17.1,48286
2009,Utah,370,254,59,66,54,86.9,114,397794,15.9,2099535,84.1,1365850,1266006,92.21034482758621,99844,7.78965517241379,321441,11.7,55183
2009,Vermont,39,23,NA,13,NA,54.5,33,53420,10.4,460651,89.6,359861,336119,92.88571428571429,23742,7.11428571428571,69137,11.5,51219
2009,Virginia,477,209,80,126,104,74.1,111,908234,13.6,5791640,86.4,4118183,3842524,91.99548872180452,275659,8.00451127819548,805555,10.6,59372
2009,Washington,708,329,71,262,67,86.1,386,865282,15,4900655,85,3535199,3211647,90.03846153846155,323552,9.96153846153846,803266,12.3,56479
2009,West Virginia,184,99,42,41,19,146.9,62,250222,16.8,1242932,83.2,814033,751170,91.19818181818182,62863,8.80181818181818,316155,17.8,37423
2009,Wisconsin,397,191,76,94,75,71.9,212,506363,10.6,4258127,89.4,3100357,2834341,90.83888888888889,266016,9.16111111111111,682973,12.4,49994
2009,Wyoming,32,15,NA,10,NA,81,42,80707,17.3,384740,82.7,300120,281152,93.69130434782609,18968,6.30869565217391,53974,10.2,54400
2010,Alabama,187,82,34,78,NA,134.3,95,681437,16.9,3339750,83.1,2196053,1964561,87.6507462686568,231492,12.3492537313432,883078,18.9,40538
2010,Alaska,62,38,10,25,NA,68.4,57,138777,21.4,508464,78.6,361911,333415,89.60344827586209,28496,10.3965517241379,76850,11,63456
2010,Arizona,626,327,68,106,90,88.5,165,1042809,19.3,4357186,80.7,3089706,2769454,86.9466666666667,320252,13.0533333333333,1105075,17.6,46787
2010,Arkansas,189,118,57,56,NA,120.8,41,500134,20.6,1931198,79.4,1353341,1242499,90.90933333333334,110842,9.09066666666666,529710,18.7,38413
2010,California,1929,1063,205,456,326,55.8,1415,6720279,20.7,25784009,79.3,18336283,16091950,86.1931034482759,2244333,13.8068965517241,5785036,15.8,57664
2010,Colorado,304,135,58,48,46,72,388,777411,17.7,3616181,82.3,2724420,2486405,91.4109375,238015,8.5890625,651744,13.2,54411
2010,Connecticut,223,41,22,43,77,68.6,150,309864,10.4,2671364,89.6,1911710,1737448,91.075,174262,8.925,348881,10.1,64321
2010,Delaware,103,47,14,20,16,101.1,25,86894,11.6,662311,88.4,434419,397869,91.43333333333334,36550,8.56666666666666,104456,11.9,56172
2010,District of Columbia,34,NA,NA,NA,16,37.1,32,45483,9,458677,91,346065,313508,90.6,32557,9.4,107279,18.8,60729
2010,Florida,1674,1169,146,439,51,87.6,446,3853392,25.3,11357557,74.7,9212068,8193661,89.0716417910448,1018407,10.9283582089552,3048621,16.5,44390
2010,Georgia,534,305,103,150,10,90.2,154,1848505,21.9,6587403,78.1,4696692,4202061,88.3698113207548,494631,11.6301886792452,1698004,18,46252
2010,Hawaii,74,40,NA,14,NA,50.1,110,102658,8.9,1050914,91.1,647250,602283,91.7,44967,8.3,146923,11.1,62774
2010,Idaho,79,42,14,26,NA,88.6,80,273440,20.3,1075218,79.7,761060,692827,90.49318181818182,68233,9.50681818181818,244009,15.8,43259
2010,Illinois,867,175,115,79,150,63.1,592,1717178,15.6,9267157,84.4,6625328,5937049,90.11274509803923,688279,9.88725490196078,1732129,13.8,52967
2010,Indiana,289,140,49,62,56,107.1,246,929589,17,4549446,83,3175192,2845604,89.2891304347827,329588,10.7108695652173,960402,15.3,44616
2010,Iowa,147,75,43,39,NA,62.3,84,270219,10.7,2246653,89.3,1678290,1577455,93.87373737373738,100835,6.12626262626262,368965,12.5,48031
2010,Kansas,104,52,18,27,NA,86.1,197,380567,15.8,2034200,84.2,1500777,1394963,93.98857142857143,105814,6.01142857142857,374677,13.5,47888
2010,Kentucky,591,436,53,118,37,136.5,269,640974,17.5,3012207,82.5,2054383,1844654,88.55,209729,11.45,796208,18.9,40089
2010,Louisiana,123,68,21,18,14,112.6,119,793782,20.5,3076118,79.5,2086086,1919859,90.928125,166227,9.071875,831512,18.8,42510
2010,Maine,90,52,21,36,NA,92.8,164,132154,12.2,954841,87.8,695184,638630,91.225,56554,8.775,169076,13.1,45882
2010,Maryland,509,205,51,172,94,71.2,306,630139,12.7,4331552,87.3,3073832,2838495,91.5,235337,8.5,559937,9.9,68933
2010,Massachusetts,549,170,68,83,68,67.9,231,281724,5.2,5184159,94.8,3480086,3190818,91.3,289268,8.7,724845,11.4,62133
2010,Michigan,695,244,85,158,215,96,439,1193021,14.3,7132432,85.7,4798964,4194045,86.6650602409639,604919,13.3349397590361,1614110,16.7,45354
2010,Minnesota,235,100,37,62,16,59,279,468857,10.3,4065312,89.7,2938804,2721196,92.3103448275862,217608,7.68965517241379,595485,11.5,55422
2010,Mississippi,100,53,25,21,NA,118.1,74,525570,21,1978630,79,1306608,1170881,87.96951219512201,135727,12.030487804878,644156,22.4,36992
2010,Missouri,599,248,92,78,183,91,243,766031,15.3,4241915,84.7,3056496,2763545,89.8382608695653,292951,10.1617391304347,888471,15.3,44306
2010,Montana,54,33,10,12,NA,87.2,39,170509,20.7,653343,79.3,500529,464000,93.40357142857142,36529,6.59642857142857,146257,15.2,42303
2010,Nebraska,58,33,21,14,NA,69,100,206100,13.4,1333500,86.6,993400,947362,95.6774193548387,46038,4.32258064516129,224530,12.6,48415
2010,Nevada,439,300,39,99,19,97.3,67,589059,25.1,1757825,74.9,1358580,1174775,87.9058823529412,183805,12.0941176470588,393605,14.8,50987
2010,New Hampshire,116,61,22,31,13,81.6,34,143475,13,959991,87,738258,695136,94.18,43122,5.82,110096,8.6,60917
2010,New Jersey,373,173,35,47,97,61,290,1124840,15,6355336,85,4555332,4121455,90.07619047619048,433877,9.92380952380952,883643,10.2,67719
2010,New Mexico,191,114,20,29,21,81.9,90,397890,22.6,1358904,77.4,936088,860154,91.26969696969697,75934,8.73030303030303,400779,19.8,42186
2010,New York,1074,526,173,263,193,51,916,2245437,13.7,14115417,86.3,9595362,8769725,91.39516129032258,825637,8.60483870967742,2840564,15,54047
2010,North Carolina,776,428,170,190,39,93.1,342,1549918,19.1,6547495,80.9,4616705,4115634,88.29599999999999,501071,11.704,1618597,17.4,43417
2010,North Dakota,18,12,NA,NA,NA,63,50,63683,11.4,495319,88.6,378347,364056,96.03962264150944,14291,3.96037735849056,81176,12.5,48878
2010,Ohio,1124,516,175,175,355,102.4,301,1384046,14.3,8272519,85.7,5846893,5247054,88.5727272727273,599839,11.4272727272727,1771404,15.8,45151
2010,Oklahoma,510,341,107,100,NA,119.6,150,691408,21.9,2472057,78.1,1768290,1648139,92.83506493506493,120151,7.16493506493506,613067,16.8,42076
2010,Oregon,332,135,27,105,81,101.2,190,639710,19.7,2601657,80.3,1984044,1773080,88.6194444444445,210964,11.3805555555555,596649,15.8,46536
2010,Pennsylvania,629,328,98,110,131,81,454,1254674,12.1,9146221,87.9,6380953,5840887,91.08059701492537,540066,8.91940298507462,1645097,13.4,49245
2010,Rhode Island,111,45,12,25,NA,82.7,50,120001,13.8,747177,86.2,566704,503216,89.46000000000001,63488,10.54,143132,14.1,52053
2010,South Carolina,271,146,58,73,15,98.6,87,785961,20.3,3085707,79.7,2155667,1915043,86.85434782608701,240624,13.145652173913,813939,18.1,42117
2010,South Dakota,32,20,NA,NA,NA,54,48,94404,13.9,584455,86.1,441345,419357,94.74848484848485,21988,5.25151515151515,114798,14.6,45861
2010,Tennessee,633,422,72,127,17,140,155,888747,16.6,4470718,83.4,3090793,2792063,88.6915789473685,298730,11.3084210526315,1102643,17.8,41461
2010,Texas,1123,540,156,180,260,73,387,5820793,26.3,16277413,73.7,12241994,11244644,92.02834645669292,997350,7.97165354330708,4411273,17.9,48622
2010,Utah,336,222,50,62,55,86.6,123,414476,16.7,2067884,83.3,1356104,1249819,91.52413793103449,106285,8.47586206896551,362689,13.3,54740
2010,Vermont,43,27,NA,NA,NA,54.1,33,49750,9.7,462598,90.3,359402,337488,93.22857142857143,21914,6.77142857142857,74720,12.4,49393
2010,Virginia,389,196,87,108,45,75.5,112,1009466,14.8,5817583,85.2,4157667,3860390,91.5233082706767,297277,8.4766917293233,865746,11.1,60665
2010,Washington,628,293,65,229,60,85,415,936767,16.1,4877296,83.9,3511326,3160543,89.2564102564103,350783,10.7435897435897,890251,13.5,55584
2010,West Virginia,451,342,102,69,28,143.1,62,262794,17.4,1245576,82.6,811128,740911,90.26,70217,9.74,327459,18.2,38241
2010,Wisconsin,415,228,66,85,92,74.4,213,518246,10.8,4266299,89.2,3081516,2814395,90.61111111111111,267121,9.38888888888889,731564,13.2,48974
2010,Wyoming,47,31,NA,NA,NA,80.4,41,83761,17.3,399432,82.7,303297,283743,93.8391304347826,19554,6.16086956521739,62636,11.4,53757
2011,Alabama,176,92,19,63,14,136.6,104,669410,16.6,3358212,83.4,2202672,1990414,88.7835820895523,212258,11.2164179104477,896117,19.1,41427
2011,Alaska,66,36,NA,17,12,68,59,141836,21.7,511516,78.3,365916,338165,89.2620689655173,27751,10.7379310344827,76021,10.8,65699
2011,Arizona,562,313,40,55,117,88.6,171,1064887,19.6,4365468,80.4,3037016,2748469,87.7666666666667,288547,12.2333333333333,1201376,19,46710
2011,Arkansas,169,114,29,56,NA,115.2,60,490103,20.1,1951565,79.9,1362688,1249512,90.69466666666668,113176,9.30533333333333,550079,19.3,38889
2011,California,1938,1167,164,406,364,55.9,1386,6603169,20.2,26111543,79.8,18415107,16258137,86.5672413793104,2156970,13.4327586206896,6121726,16.6,57275
2011,Colorado,418,198,78,61,79,73,387,753842,17,3686085,83,2736084,2507266,91.746875,228818,8.253125,669267,13.4,55530
2011,Connecticut,209,44,13,32,85,69.1,142,299599,10.1,2676552,89.9,1914774,1745965,91.3875,168809,8.6125,373284,10.8,65822
2011,Delaware,113,64,13,23,15,99.7,30,84181,11.2,668277,88.8,443347,410086,92.26666666666667,33261,7.73333333333333,111176,12.6,58159
2011,District of Columbia,51,11,NA,11,23,39.8,34,42737,8.3,473354,91.7,350778,315171,89.8,35607,10.2,111906,19.1,62087
2011,Florida,1576,1062,138,458,62,83.5,471,3804839,24.8,11534145,75.2,9300549,8371644,89.8626865671642,928905,10.1373134328358,3178155,17,44250
2011,Georgia,535,327,86,141,30,88.6,171,1846990,21.7,6645579,78.3,4748773,4263314,88.6591194968554,485459,11.3408805031446,1836715,19.2,45886
2011,Hawaii,77,47,NA,19,NA,50.1,112,94510,8.1,1065974,91.9,660255,615320,91.925,44935,8.075,161606,12.1,62071
2011,Idaho,77,45,NA,22,NA,91.4,89,255479,18.9,1099108,81.1,765179,701466,91.02727272727273,63713,8.9727272727272709,256257,16.5,43345
2011,Illinois,907,165,86,84,168,64.3,609,1627886,14.8,9355668,85.2,6586904,5948370,90.92745098039217,638534,9.07254901960784,1871484,14.9,53271
2011,Indiana,356,173,40,57,68,106.7,236,911674,16.6,4581018,83.4,3181992,2891941,90.70869565217392,290051,9.29130434782608,1001053,15.8,46410
2011,Iowa,172,88,29,37,14,64,85,263528,10.4,2264814,89.6,1662387,1570182,94.42323232323233,92205,5.57676767676767,376300,12.7,49545
2011,Kansas,118,70,23,27,NA,87.8,205,348974,14.4,2072979,85.6,1491101,1394089,94.38,97012,5.62,383859,13.8,48844
2011,Kentucky,669,469,76,103,55,137,296,621065,16.9,3045545,83.1,2056423,1862935,89.4991666666667,193488,10.5008333333333,809764,19.1,41141
2011,Louisiana,116,58,20,14,17,111.7,107,783015,20.1,3103956,79.9,2073219,1911022,91.0671875,162197,8.9328125,910266,20.5,41804
2011,Maine,85,40,19,32,NA,93.1,179,139781,12.9,944033,87.1,699280,644085,91.39375,55195,8.60625,183723,14.2,46160
2011,Maryland,546,238,56,167,103,72.9,311,595770,12,4384727,88,3096565,2872086,91.90833333333335,224479,8.09166666666666,581244,10.2,70075
2011,Massachusetts,655,168,64,68,144,65.9,244,267661,4.9,5214022,95.1,3469312,3217757,92.27142857142859,251555,7.72857142857142,740512,11.6,63126
2011,Michigan,714,221,89,147,267,98.8,450,1130594,13.6,7170822,86.4,4685170,4198354,88.6349397590362,486816,11.3650602409638,1687624,17.5,45931
2011,Minnesota,286,100,31,58,44,60,303,462930,10.2,4089638,89.8,2946287,2755269,93.143678160919535,191018,6.85632183908046,617185,11.8,56944
2011,Mississippi,79,48,18,14,NA,117.2,71,516526,20.6,1989254,79.4,1342814,1208749,88.4756097560976,134065,11.5243902439024,658232,22.8,36963
2011,Missouri,595,222,66,73,250,91.6,257,801665,16,4210644,84,3047794,2789227,90.90869565217392,258567,9.09130434782608,922103,15.8,45231
2011,Montana,63,32,14,20,NA,85.3,45,178926,21.6,649457,78.4,501230,466406,93.49821428571428,34824,6.50178571428571,148183,15.2,44011
2011,Nebraska,53,33,NA,18,NA,68.8,100,205574,13.3,1344579,86.7,1003266,959063,95.91505376344087,44203,4.08494623655914,230003,12.9,50281
2011,Nevada,461,302,45,96,40,100.3,62,560498,23.8,1790609,76.2,1373117,1194265,88.4058823529412,178852,11.5941176470588,423195,15.8,49099
2011,New Hampshire,154,65,27,31,42,80.9,39,137349,12.5,962813,87.5,736302,696532,94.62,39770,5.38,114906,9,62436
2011,New Jersey,454,220,31,61,131,61.5,317,1114220,14.9,6365508,85.1,4565273,4138465,90.21904761904761,426808,9.78095238095238,897916,10.4,67574
2011,New Mexico,243,127,20,31,68,81.6,95,405848,23,1359101,77,930355,860305,91.75454545454546,70050,8.24545454545454,427340,20.9,42097
2011,New York,1356,621,155,301,334,51.1,815,2155975,13.2,14237024,86.8,9517370,8728058,91.5758064516129,789312,8.42419354838709,3043461,16.1,55147
2011,North Carolina,822,439,155,204,82,93.5,349,1528388,18.7,6629330,81.3,4633079,4157543,88.678,475536,11.322,1673627,17.8,44028
2011,North Dakota,10,NA,NA,NA,NA,61.3,52,65997,11.6,502283,88.4,388637,375153,96.23962264150944,13484,3.76037735849056,79124,12,52135
2011,Ohio,1272,582,162,163,438,101.5,304,1338208,13.9,8309396,86.1,5771477,5261242,90.2375,510235,9.7625,1836098,16.3,45803
2011,Oklahoma,483,349,83,75,14,122.3,166,695537,21.8,2492865,78.2,1772673,1668422,93.8,104251,6.2,636083,17.3,43232
2011,Oregon,392,159,29,98,133,100.7,208,589681,18.1,2666368,81.9,1993892,1804323,89.425,189569,10.575,655245,17.3,46876
2011,Pennsylvania,752,325,111,86,240,81.7,463,1249474,12,9167482,88,6395505,5888745,91.87761194029851,506760,8.12238805970149,1690003,13.7,50221
2011,Rhode Island,142,62,NA,29,12,82.5,50,110145,12.8,753097,87.2,560057,498248,89.6,61809,10.4,148079,14.7,53152
2011,South Carolina,243,144,47,61,12,96.8,92,755487,19.4,3135693,80.6,2175527,1945899,87.4195652173914,229628,12.5804347826086,852999,18.8,42477
2011,South Dakota,34,21,NA,NA,NA,55.1,53,94966,13.9,590042,86.1,440936,420055,94.78636363636365,20881,5.21363636363636,112258,14.1,48188
2011,Tennessee,633,451,64,87,19,138.5,172,918356,17,4468989,83,3125315,2844668,89.5484210526316,280647,10.4515789473684,1148161,18.4,41691
2011,Texas,1178,521,114,179,368,72,403,5771479,25.7,16654624,74.3,12504512,11535100,92.50039370078741,969412,7.49960629921259,4627604,18.5,49390
2011,Utah,381,280,56,75,73,85.2,130,417274,16.6,2099927,83.4,1350447,1259338,92.46896551724139,91109,7.53103448275862,377396,13.6,55802
2011,Vermont,55,30,12,13,NA,53.6,33,40681,8,469742,92,358107,338462,93.88571428571429,19645,6.11428571428571,71378,11.9,52033
2011,Virginia,575,319,77,156,103,76.6,141,979509,14.3,5888494,85.7,4211815,3934333,92.25338345864662,277482,7.74661654135338,912779,11.6,61877
2011,Washington,697,325,53,236,148,81.6,416,937962,16,4920719,84,3461432,3140192,89.6641025641026,321240,10.3358974358974,931605,13.9,56811
2011,West Virginia,550,442,99,59,34,139.6,79,272782,18.1,1236500,81.9,807025,741977,91.01454545454546,65048,8.98545454545454,336658,18.7,38587
2011,Wisconsin,473,232,60,78,135,75.2,214,494532,10.3,4296689,89.7,3079766,2841001,91.53611111111113,238765,8.46388888888888,728099,13.1,50401
2011,Wyoming,43,28,NA,NA,NA,78.2,44,84035,17.3,400577,82.7,306815,289019,94.37826086956522,17796,5.62173913043478,62801,11.3,56044
2012,Alabama,165,62,16,55,35,143.8,101,633845,15.8,3386293,84.2,2176343,2003292,90.74626865671642,173051,9.25373134328358,896515,19,41610
2012,Alaska,81,42,NA,10,23,66.8,70,146928,22.3,511164,77.7,365523,339476,89.4103448275863,26047,10.5896551724137,77494,10.8,66503
2012,Arizona,526,326,36,50,101,85.3,273,1111138,20.4,4336418,79.6,3028878,2776349,88.7800000000001,252529,11.2199999999999,1195931,18.7,47796
2012,Arkansas,169,118,20,43,NA,121.8,74,471902,19.4,1964404,80.6,1342758,1241128,91.46666666666667,101630,8.53333333333333,560928,19.6,40151
2012,California,1719,965,146,342,362,56.4,1338,6580078,20,26293099,80,18523796,16602671,87.8568965517242,1921125,12.1431034482758,6323433,17,58322
2012,Colorado,407,223,52,43,91,73.5,397,744887,16.7,3727742,83.3,2757220,2539940,92.1359375,217280,7.8640625,688715,13.6,56880
2012,Connecticut,201,38,15,24,98,69.3,145,313293,10.5,2657511,89.5,1887418,1729836,91.8,157582,8.2,370537,10.6,67275
2012,Delaware,82,37,17,11,20,94,34,77920,10.3,676027,89.7,445571,413456,92.63333333333334,32115,7.36666666666666,113316,12.7,58326
2012,District of Columbia,44,13,NA,NA,25,40.3,30,36824,7,490995,93,364989,331984,91,33005,9,112719,18.8,65231
2012,Florida,1326,850,162,337,101,75.9,474,3724873,24.1,11721519,75.9,9383001,8588671,91.28507462686568,794330,8.71492537313432,3248276,17.2,45006
2012,Georgia,536,300,61,161,40,89.4,200,1767578,20.7,6757864,79.3,4787389,4348099,89.7471698113208,439290,10.2528301886792,1852459,19.2,47125
2012,Hawaii,62,35,NA,16,NA,50.4,116,90741,7.8,1079431,92.2,647186,608302,93.15,38884,6.85,159988,11.8,66086
2012,Idaho,59,33,11,12,NA,92,88,250246,18.5,1105648,81.5,769254,713705,92.18181818181819,55549,7.81818181818181,250203,16,45296
2012,Illinois,1151,175,84,105,269,66.1,583,1593191,14.6,9344947,85.4,6581875,5990648,91.4,591227,8.6,1847371,14.7,55126
2012,Indiana,375,136,43,46,114,110.5,241,911449,16.6,4569440,83.4,3169845,2905555,91.5391304347826,264290,8.46086956521739,984948,15.5,46954
2012,Iowa,171,100,36,41,14,74.1,101,249896,9.9,2276804,90.1,1653149,1569886,94.9888888888889,83263,5.01111111111111,377110,12.7,50997
2012,Kansas,171,88,44,33,16,90.3,205,348613,14.4,2077441,85.6,1485237,1400131,94.95714285714286,85106,5.04285714285714,392095,14,50140
2012,Kentucky,673,391,70,79,143,127.9,294,593832,16.2,3060859,83.8,2059142,1891174,90.64416666666668,167968,9.35583333333333,821067,19.3,41717
2012,Louisiana,169,75,19,26,51,113,100,755908,19.4,3133462,80.6,2080283,1933141,91.9078125,147142,8.0921875,900395,20.1,42998
2012,Maine,100,61,15,25,12,89.7,188,133087,12.4,941434,87.6,702638,650120,91.81875,52518,8.18125,186484,14.4,46856
2012,Maryland,657,258,52,170,173,72.2,324,587764,11.8,4409694,88.2,3119649,2902309,92.2625,217340,7.7375,597705,10.4,71169
2012,Massachusetts,691,171,67,86,246,65.7,259,246614,4.5,5249851,95.5,3485160,3252530,92.84285714285716,232630,7.15714285714285,762971,11.9,65378
2012,Michigan,685,274,72,130,263,100.7,439,1103508,13.4,7151836,86.6,4672701,4246659,89.93132530120491,426042,10.0686746987951,1677776,17.4,46793
2012,Minnesota,290,108,40,67,46,60.9,310,419196,9.2,4139838,90.8,2946370,2781147,94.03908045977012,165223,5.96091954022988,597515,11.4,58828
2012,Mississippi,111,61,20,22,NA,121.8,75,491937,19.7,2002093,80.3,1316552,1198204,89.5634146341464,118348,10.4365853658536,689116,23.8,37179
2012,Missouri,539,203,56,62,210,95.4,246,790984,15.8,4202029,84.2,3025316,2815279,92.52695652173912,210037,7.47304347826087,945435,16.2,45320
2012,Montana,51,25,13,13,NA,87.7,52,178730,21.6,649965,78.4,506494,476176,94.35178571428573,30318,5.64821428571428,153105,15.6,45030
2012,Nebraska,53,27,10,22,NA,73.2,104,200265,12.9,1355022,87.1,1014991,974433,96.26666666666667,40558,3.73333333333333,230375,12.8,50766
2012,Nevada,446,305,27,71,45,98.9,64,580575,24.5,1785274,75.5,1376384,1222711,89.7705882352942,153673,10.2294117647058,441373,16.2,49909
2012,New Hampshire,133,56,24,27,39,83.7,42,138091,12.6,955432,87.4,741097,700370,94.6,40727,5.4,123773,9.7,63157
2012,New Jersey,602,217,38,68,304,60.1,320,1089994,14.6,6392740,85.4,4588034,4159985,90.20952380952382,428049,9.79047619047619,934277,10.7,69705
2012,New Mexico,319,179,37,35,104,76.8,110,378252,21.5,1378638,78.5,927794,861618,92.21515151515152,66176,7.78484848484848,421123,20.6,42828
2012,New York,1530,616,164,328,516,51.8,809,2073007,12.6,14333663,87.4,9612240,8793387,91.36451612903227,818853,8.63548387096774,3040207,15.9,56357
2012,North Carolina,833,410,141,184,152,98.6,353,1556925,19,6628202,81,4680067,4245682,89.617,434385,10.383,1706255,18,45195
2012,North Dakota,NA,NA,NA,NA,NA,62.1,58,70025,12,511452,88,397869,385672,96.47169811320755,12197,3.52830188679245,75251,11.2,54579
2012,Ohio,1355,499,139,136,696,97.5,290,1294898,13.5,8292841,86.5,5705600,5284010,91.92727272727274,421590,8.07272727272727,1818886,16.2,46873
2012,Oklahoma,531,380,107,77,26,127.4,178,684288,21.4,2511391,78.6,1803868,1709262,94.48441558441559,94606,5.51558441558441,636134,17.2,44336
2012,Oregon,361,145,31,84,129,98.7,206,566354,17.4,2690473,82.6,1953444,1780793,89.9583333333334,172651,10.0416666666666,651302,17,49090
2012,Pennsylvania,827,358,99,87,323,83.3,460,1210961,11.7,9171460,88.3,6462945,5957316,92.0044776119403,505629,7.9955223880597,1688364,13.7,51225
2012,Rhode Island,140,72,12,28,30,83.2,54,110225,12.8,748741,87.2,558489,500435,90.24,58054,9.76,143625,14.2,54002
2012,South Carolina,237,148,46,37,19,104,84,770336,19.8,3127307,80.2,2186880,1985620,88.8760869565218,201260,11.1239130434782,837327,18.3,43290
2012,South Dakota,24,17,NA,NA,NA,60.1,58,94071,13.6,596615,86.4,442447,423503,95.15454545454546,18944,4.84545454545454,109661,13.6,48439
2012,Tennessee,723,491,77,104,50,136.1,178,875361,16.2,4524763,83.8,3100682,2857952,90.8178947368421,242730,9.18210526315789,1135205,18,42743
2012,Texas,1131,480,121,142,367,73.4,383,5712298,25.2,16962480,74.8,12670483,11818688,93.54409448818897,851795,6.45590551181102,4565185,17.9,50747
2012,Utah,422,328,59,53,84,84.5,137,398299,15.7,2143662,84.3,1372970,1298807,93.70689655172414,74163,6.29310344827586,364124,13,57067
2012,Vermont,55,27,NA,17,10,54.6,36,39972,7.9,465871,92.1,354855,337285,94.43571428571428,17570,5.56428571428571,71626,11.9,52700
2012,Virginia,533,276,89,104,121,79.6,145,981173,14.2,5919360,85.8,4223850,3967988,92.89172932330828,255862,7.10827067669172,936384,11.8,61782
2012,Washington,695,332,59,180,177,78.7,417,933183,15.8,4954447,84.2,3471290,3189275,90.46666666666667,282015,9.53333333333333,916976,13.6,57574
2012,West Virginia,468,348,89,67,63,136.9,78,264082,17.6,1234670,82.4,807921,747387,91.55636363636364,60534,8.44363636363636,323978,18,40188
2012,Wisconsin,483,229,56,62,185,76.8,212,498050,10.4,4279060,89.6,3073986,2857420,92.34166666666667,216566,7.65833333333333,738226,13.2,51063
2012,Wyoming,45,26,NA,NA,NA,80.5,43,84401,17.3,404816,82.7,307272,290935,94.81304347826087,16337,5.18695652173913,66879,11.9,55104
2013,Alabama,166,65,30,41,40,142.4,127,637841,15.9,3380484,84.1,2174006,2017045,91.50746268656717,156961,8.49253731343283,889091,18.9,42882
2013,Alaska,69,38,12,NA,24,63.7,72,135757,20.8,518122,79.2,365294,339800,89.4827586206897,25494,10.5172413793103,72643,10.1,70058
2013,Arizona,527,253,52,64,146,80.4,245,1092617,20,4375031,80,3029429,2794698,89.2666666666667,234731,10.7333333333333,1206948,18.6,48504
2013,Arkansas,162,111,31,42,NA,120.9,64,458780,18.8,1979176,81.2,1322586,1226865,91.80266666666667,95721,8.19733333333333,557399,19.4,40605
2013,California,1948,1039,176,343,486,54.4,1249,6368296,19.4,26499135,80.6,18624999,16958406,89.5913793103449,1666593,10.4086206896551,6328064,16.8,60185
2013,Colorado,433,221,67,41,120,71.2,410,722130,16,3796881,84,2767160,2577560,92.9046875,189600,7.0953125,665351,12.9,58942
2013,Connecticut,439,144,53,49,227,67.4,159,322785,10.9,2639797,89.1,1863340,1717764,92.325,145576,7.675,373387,10.7,67262
2013,Delaware,113,35,22,21,39,92.7,34,82347,10.9,674026,89.1,442728,413119,93.13333333333334,29609,6.86666666666666,115774,12.9,58244
2013,District of Columbia,60,10,NA,NA,35,41.1,29,40687,7.5,500752,92.5,374126,342351,91.5,31775,8.5,115096,18.8,66326
2013,Florida,1268,751,200,271,181,73.5,456,3778848,24.3,11775091,75.7,9453752,8770089,92.46865671641791,683663,7.53134328358209,3268130,17.1,46021
2013,Georgia,530,309,80,110,67,86.6,278,1810621,21.2,6745943,78.8,4756159,4366376,90.69937106918239,389783,9.30062893081761,1849944,19,47765
2013,Hawaii,69,39,NA,17,10,49.4,116,88089,7.6,1065058,92.4,651556,619690,94.5,31866,5.5,153375,11.2,67798
2013,Idaho,77,51,14,11,NA,89.2,92,256305,18.8,1106859,81.2,770838,723636,93.21136363636364,47202,6.78863636363636,246708,15.6,46621
2013,Illinois,1072,185,87,92,583,63.7,601,1588326,14.6,9311767,85.4,6549480,5956755,91.12549019607845,592725,8.87450980392156,1841996,14.6,56212
2013,Indiana,360,111,34,34,160,106.3,232,887375,16.1,4608908,83.9,3188404,2944273,92.25,244131,7.75,1008411,15.8,47508
2013,Iowa,179,106,32,24,31,72.2,102,244164,9.6,2290547,90.4,1674201,1594895,95.27474747474749,79306,4.72525252525252,377037,12.6,52286
2013,Kansas,158,88,37,30,12,88.7,189,341248,14.1,2083158,85.9,1485933,1407222,95.32666666666667,78711,4.67333333333333,391718,13.9,50892
2013,Kentucky,665,349,76,70,215,111.7,293,615363,16.8,3041139,83.2,2055441,1890878,90.6075,164563,9.3925,803044,18.8,43307
2013,Louisiana,265,86,26,20,121,112.4,93,746374,19.1,3156438,80.9,2101422,1960542,92.353125,140880,7.646875,897284,20,44234
2013,Maine,125,64,23,34,16,85.9,185,143651,13.5,922719,86.5,705413,658519,92.7125,46894,7.2875,181386,14,47095
2013,Maryland,749,304,93,138,217,69,323,584728,11.7,4430087,88.3,3129355,2923500,92.72083333333335,205855,7.27916666666666,591457,10.2,72482
2013,Massachusetts,888,179,98,94,288,63,259,238392,4.3,5272507,95.7,3512832,3276795,92.81428571428572,236037,7.18571428571428,770922,11.9,66794
2013,Michigan,909,283,86,163,421,98.9,421,1059974,12.9,7170839,87.1,4723952,4308034,90.07228915662651,415918,9.92771084337349,1646038,17,48200
2013,Minnesota,305,111,33,76,92,58.3,309,433829,9.5,4138668,90.5,2958600,2811766,94.51609195402298,146834,5.48390804597701,592526,11.2,60664
2013,Mississippi,100,55,24,12,10,119.6,68,498591,20,1993981,80,1272487,1163760,89.8719512195122,108727,10.1280487804878,692058,23.9,38191
2013,Missouri,620,237,97,54,261,93.3,217,762811,15.3,4232994,84.7,3020214,2817437,92.8295652173913,202777,7.17043478260869,928778,15.8,46905
2013,Montana,67,43,NA,14,NA,84.2,58,166184,20,664987,80,510784,483075,94.6732142857143,27709,5.32678571428571,159248,16.1,46893
2013,Nebraska,41,33,NA,NA,NA,71.3,90,201766,12.9,1360858,87.1,1018301,979940,96.35913978494624,38361,3.64086021505376,234742,12.9,51502
2013,Nevada,398,242,26,70,48,91.1,60,551933,23.3,1821122,76.7,1381160,1248124,90.97058823529412,133036,9.02941176470588,433267,15.8,51250
2013,New Hampshire,157,62,30,14,67,82,37,139569,12.8,948109,87.2,741285,703535,95.07,37750,4.93,115146,9,64064
2013,New Jersey,675,231,57,67,383,58.3,314,1125246,15,6352312,85,4548557,4173826,91.31428571428572,374731,8.68571428571428,995390,11.4,70224
2013,New Mexico,322,209,23,28,89,71.4,96,380445,21.9,1359655,78.1,923901,859805,92.3909090909091,64096,7.6090909090909,437923,21.4,44026
2013,New York,1681,644,210,274,666,46.7,791,2036206,12.4,14366783,87.6,9659165,8913785,92.29516129032258,745380,7.70483870967742,3068230,16,57255
2013,North Carolina,834,397,116,164,189,96.7,358,1491079,18.1,6738765,81.9,4692945,4318116,90.984,374829,9.016,1711331,17.8,45946
2013,North Dakota,11,NA,NA,NA,NA,60.1,57,73944,12.3,527517,87.7,406198,394397,96.5245283018868,11801,3.4754716981132,81055,11.6,56800
2013,Ohio,1630,518,167,116,998,93.1,285,1248847,13,8325649,87,5716743,5290615,91.93295454545455,426128,8.06704545454545,1793523,15.9,48138
2013,Oklahoma,511,375,88,68,22,123.3,167,659369,20.6,2547115,79.4,1802079,1706864,94.34935064935065,95215,5.65064935064935,624209,16.7,45724
2013,Oregon,301,119,27,66,103,94.2,208,560102,17.2,2697931,82.8,1910706,1760302,90.94166666666666,150404,9.05833333333333,637505,16.5,50228
2013,Pennsylvania,958,406,108,82,409,81.6,434,1204620,11.6,9146775,88.4,6442416,5967812,92.32089552238806,474604,7.67910447761194,1687854,13.7,52005
2013,Rhode Island,190,80,32,28,65,76.9,54,118849,13.9,737740,86.1,556928,505371,91.3,51557,8.7,148275,14.7,55015
2013,South Carolina,247,144,50,50,32,103,92,729833,18.6,3193077,81.4,2190976,2023646,90.76304347826087,167330,9.23695652173913,858553,18.5,44310
2013,South Dakota,34,27,NA,NA,NA,60.6,54,89295,12.8,607076,87.2,443086,426288,95.58939393939394,16798,4.41060606060606,114291,14,49200
2013,Tennessee,767,524,99,86,68,127.1,166,878198,16.2,4536745,83.8,3067436,2828480,90.86526315789474,238956,9.13473684210526,1128618,17.8,44268
2013,Texas,1053,452,112,128,369,70,370,5695879,24.8,17233839,75.2,12857613,12052657,93.83503937007875,804956,6.16496062992126,4531427,17.5,51714
2013,Utah,432,358,58,59,122,82.1,136,393334,15.3,2181397,84.7,1405630,1341191,94.46551724137932,64439,5.53448275862068,360119,12.6,59715
2013,Vermont,70,37,17,14,20,52.2,36,43638,8.7,459536,91.3,350447,334966,95.1,15481,4.9,73947,12.3,52511
2013,Virginia,640,297,125,96,206,76.6,140,971264,14,5964197,86,4237294,3995194,93.30526315789474,242100,6.69473684210526,941059,11.7,62745
2013,Washington,640,269,59,156,205,75.2,401,940952,15.9,4965476,84.1,3463877,3219844,91.2974358974359,244033,8.7025641025641,963088,14.1,58431
2013,West Virginia,490,341,98,54,144,129,86,254261,17.1,1236874,82.9,798535,744411,92.28363636363638,54124,7.71636363636363,331674,18.4,41195
2013,Wisconsin,599,277,81,76,232,73.8,200,505462,10.6,4266845,89.4,3079312,2872000,92.63194444444446,207312,7.36805555555555,753709,13.5,51474
2013,Wyoming,48,33,NA,NA,NA,81.5,45,77766,15.8,414759,84.2,306611,292132,95.3304347826087,14479,4.6695652173913,62118,10.9,58424
2014,Alabama,270,90,47,44,122,135.2,128,567439,14.2,3439507,85.8,2160848,2014293,92.1044776119403,146555,7.8955223880597,905682,19.2,42917
2014,Alaska,76,40,14,12,25,62.7,73,123604,19,526551,81,365384,340304,89.6241379310345,25080,10.3758620689655,81622,11.4,70898
2014,Arizona,589,290,57,62,197,79.7,250,886514,16.1,4629831,83.9,3099885,2889382,90.54666666666667,210503,9.45333333333333,1195889,18.2,50036
2014,Arkansas,173,119,32,29,NA,123.2,59,336619,13.8,2095216,86.2,1316511,1237247,93.13866666666667,79264,6.86133333333333,539999,18.7,41335
2014,California,2024,1047,194,337,561,52.7,1234,4655102,14.1,28470657,85.9,18714714,17310940,91.18103448275863,1403774,8.81896551724137,6253423,16.4,61927
2014,Colorado,517,259,80,51,156,69.6,418,535569,11.7,4037837,88.3,2802533,2662405,94.8125,140128,5.1875,632987,12.1,61324
2014,Connecticut,525,157,94,50,299,66,160,236861,8,2716598,92,1887431,1762564,93.525,124867,6.475,375281,10.8,70007
2014,Delaware,124,38,29,24,54,91,33,70640,9.3,689207,90.7,452187,426325,94.1,25862,5.9,118032,13,59853
2014,District of Columbia,63,19,13,NA,37,40.1,28,32799,5.9,519772,94.1,379123,349686,92.2,29437,7.8,114790,18.4,69992
2014,Florida,1399,697,343,227,344,71.4,519,3176171,20.2,12565283,79.8,9567300,8966248,93.37761194029851,601052,6.62238805970149,3231142,16.6,47439
2014,Georgia,710,388,174,124,153,83.8,270,1549301,18,7054694,82,4738963,4403440,92.00817610062894,335523,7.99182389937106,1802783,18.4,49240
2014,Hawaii,59,35,NA,10,12,47.7,165,69936,6,1088142,94,665465,636495,95.275,28970,4.725,158266,11.5,69549
2014,Idaho,78,42,13,18,11,87.4,121,216276,15.7,1158022,84.3,779985,742302,94.6,37683,5.4,237604,14.8,47572
2014,Illinois,1205,253,127,106,711,62.3,651,1211871,11.2,9641337,88.8,6513869,6052154,93.04019607843138,461715,6.95980392156862,1802337,14.3,57458
2014,Indiana,462,149,83,37,173,96.7,229,768504,14,4725518,86,3224777,3032499,94.03152173913044,192278,5.96847826086956,968437,15.2,49384
2014,Iowa,158,81,29,16,37,72.3,105,185413,7.3,2355055,92.7,1701451,1629329,95.76969696969697,72122,4.23030303030303,368678,12.3,53816
2014,Kansas,173,91,39,34,19,86.5,189,284342,11.7,2139912,88.3,1492168,1424443,96.00571428571429,67725,3.99428571428571,381506,13.5,52392
2014,Kentucky,729,344,179,59,228,110,316,360275,9.9,3288227,90.1,2006362,1876842,92.42416666666666,129520,7.57583333333333,812803,19,42914
2014,Louisiana,260,93,29,20,107,108.9,91,661811,16.9,3245274,83.1,2151286,2014191,92.746875,137095,7.253125,898902,19.9,44680
2014,Maine,171,80,62,29,38,82.4,204,131550,12.4,927872,87.6,696316,657191,93.8125,39125,6.1875,181737,14,49381
2014,Maryland,921,388,230,153,313,67.6,338,450280,8.9,4587434,91.1,3123051,2941564,93.55833333333334,181487,6.44166666666666,604762,10.4,73851
2014,Massachusetts,1140,178,453,88,469,59.6,294,208262,3.8,5328563,96.2,3568320,3363437,93.81428571428572,204883,6.18571428571428,760211,11.7,69200
2014,Michigan,1052,328,178,146,525,98,423,827968,10.1,7373451,89.9,4761393,4417028,91.82048192771084,344365,8.17951807228915,1567465,16.2,49755
2014,Minnesota,318,102,44,81,100,56.6,341,308991,6.7,4277958,93.3,2972812,2848792,95.23908045977012,124020,4.76091954022988,607870,11.4,61473
2014,Mississippi,115,63,24,NA,23,116.3,63,424433,17.1,2057148,82.9,1250182,1156347,91.09024390243903,93835,8.90975609756097,634960,21.9,39738
2014,Missouri,696,237,109,53,334,90.7,234,682388,13.7,4307595,86.3,3046917,2859968,93.4608695652174,186949,6.5391304347826,908394,15.5,48288
2014,Montana,53,22,14,16,NA,80.1,54,139768,16.8,692997,83.2,512244,488335,95.32857142857144,23909,4.67142857142857,151915,15.2,46608
2014,Nebraska,56,30,13,NA,NA,70.1,85,173309,11,1395248,89,1010821,977620,96.88387096774194,33201,3.11612903225806,225054,12.3,52803
2014,Nevada,375,224,32,64,64,90.1,60,416208,17.3,1984951,82.7,1388771,1278809,92.37647058823529,109962,7.6235294117647,430447,15.4,51487
2014,New Hampshire,297,81,151,29,98,79.6,36,118870,11,965333,89,743318,711549,95.81,31769,4.19,117822,9.2,66469
2014,New Jersey,728,245,111,50,424,57.2,311,940315,12.6,6549903,87.4,4487040,4183542,92.80952380952381,303498,7.19047619047619,972441,11.1,71968
2014,New Mexico,402,223,66,45,139,71.5,82,295204,17.1,1433152,82.9,931758,869561,92.71818181818182,62197,7.28181818181818,420388,20.6,44905
2014,New York,1739,608,294,231,825,43.9,804,1654986,10.1,14779006,89.9,9529422,8925697,93.6725806451613,603725,6.3274193548387,3082613,16,58771
2014,North Carolina,967,462,217,131,266,93.7,395,1254138,15.2,7014972,84.8,4696796,4400321,92.92699999999999,296475,7.073,1663954,17.2,46596
2014,North Dakota,31,17,10,NA,NA,58.1,58,57168,9.3,558178,90.7,413546,402524,96.70943396226416,11022,3.29056603773584,79203,11.1,60227
2014,Ohio,2106,618,590,107,1208,89.5,302,947102,9.9,8605074,90.1,5704382,5373059,93.79204545454546,331323,6.20795454545454,1778288,15.8,49349
2014,Oklahoma,502,370,73,67,26,110.9,169,576768,17.9,2641798,82.1,1798266,1717631,95.1922077922078,80635,4.8077922077922,623162,16.6,47524
2014,Oregon,340,137,33,59,124,91.9,209,378857,11.6,2892287,88.4,1936871,1805528,92.19166666666666,131343,7.80833333333333,637156,16.4,51088
2014,Pennsylvania,1092,411,217,81,503,79.9,482,1047882,10.2,9275622,89.8,6392358,6017926,93.90298507462687,374432,6.09701492537313,1679008,13.6,53224
2014,Rhode Island,205,70,82,24,66,72.8,55,74089,8.6,782587,91.4,556579,513754,92.78,42825,7.22,149825,14.8,54797
2014,South Carolina,515,319,110,77,64,101.3,90,635365,16.1,3313561,83.9,2222348,2078596,92.36304347826086,143752,7.63695652173913,838065,17.9,45337
2014,South Dakota,33,20,NA,NA,NA,61.7,64,81569,11.6,619028,88.4,446723,431388,95.98030303030303,15335,4.01969696969696,115906,14.1,51059
2014,Tennessee,863,554,132,71,148,121.3,167,765026,14.1,4668482,85.9,3024198,2825059,92.31157894736843,199139,7.68842105263157,1165245,18.2,44357
2014,Texas,1151,471,157,116,425,67,381,4976322,21.4,18321348,78.6,13039472,12374183,95.04291338582678,665289,4.95708661417322,4519548,17.2,53067
2014,Utah,455,367,68,47,110,78.8,148,360274,13.8,2246121,86.2,1427065,1372636,95.25862068965517,54429,4.74137931034482,341587,11.8,60943
2014,Vermont,64,21,21,NA,33,50.4,39,30387,6.1,469034,93.9,347055,333381,95.57857142857144,13674,4.42142857142857,72294,12,54153
2014,Virginia,758,323,176,105,253,73.5,139,863567,12.4,6099559,87.6,4241195,4019477,93.98345864661655,221718,6.01654135338345,955541,11.8,64923
2014,Washington,673,288,62,115,289,74.2,401,630600,10.6,5324170,89.4,3491491,3277543,92.56410256410257,213948,7.43589743589743,913463,13.2,61358
2014,West Virginia,554,363,122,35,163,126.4,92,156077,10.6,1321256,89.4,788825,736474,92.46727272727273,52351,7.53272727272727,328734,18.3,41030
2014,Wisconsin,627,279,90,78,270,71.9,201,407618,8.6,4351387,91.4,3081552,2914996,94.01388888888889,166556,5.98611111111111,737307,13.2,52632
2014,Wyoming,54,28,12,NA,10,80.9,53,69582,14.2,421425,85.8,305968,293300,95.90434782608696,12668,4.09565217391304,63860,11.2,58291
2015,Alabama,282,87,70,40,111,125,124,475233,11.9,3518948,88.1,2158307,2026907,92.96716417910449,131400,7.03283582089552,875853,18.5,44833
2015,Alaska,86,51,14,10,37,60.8,81,105982,16.3,543431,83.7,363397,339723,90.41724137931035,23674,9.58275862068965,74941,10.4,73391
2015,Arizona,671,298,72,75,247,75.5,283,710610,12.8,4849167,87.2,3166615,2974541,91.27333333333334,192074,8.72666666666666,1159046,17.4,51473
2015,Arkansas,203,144,44,37,NA,117.2,60,269055,11.1,2161171,88.9,1331637,1264538,94.19733333333335,67099,5.80266666666666,540733,18.7,42046
2015,California,2018,1019,229,291,593,47.7,1165,3234373,9.7,30037246,90.3,18851088,17681851,92.47241379310346,1169237,7.52758620689655,5896255,15.4,64483
2015,Colorado,495,259,64,34,159,65.1,350,428602,9.2,4216152,90.8,2828880,2719501,95.996875,109379,4.003125,614410,11.5,63945
2015,Connecticut,685,183,211,72,390,62.3,180,201842,6.9,2737364,93.1,1888879,1780842,94.4,108037,5.6,367867,10.6,71333
2015,Delaware,133,36,38,14,64,84.4,33,52951,6.9,710749,93.1,465732,443100,95,22632,5,115655,12.6,61327
2015,District of Columbia,98,21,26,NA,67,35.7,26,24198,4.3,538759,95.7,389218,362420,93.1,26798,6.9,113185,17.7,73115
2015,Florida,1838,789,610,210,567,67.1,522,2602192,16.3,13361134,83.7,9608400,9084484,94.2044776119403,523916,5.7955223880597,3129061,15.8,49416
2015,Georgia,858,435,284,115,222,79.4,275,1366843,15.8,7302970,84.2,4775468,4490422,93.2496855345912,285046,6.7503144654088,1705831,17.2,51225
2015,Hawaii,62,37,13,NA,15,44.3,148,55299,4.8,1107190,95.2,673969,649951,96.15,24018,3.85,149091,10.7,73097
2015,Idaho,90,51,16,12,16,81.9,104,177426,12.8,1206366,87.2,795989,762282,95.225,33707,4.775,238646,14.7,48311
2015,Illinois,1381,271,278,99,844,59.1,598,885019,8.2,9908414,91.8,6510826,6122626,93.91470588235295,388200,6.08529411764705,1702210,13.6,59590
2015,Indiana,535,146,120,36,240,89.1,226,621372,11.3,4872140,88.7,3266534,3108729,95.15869565217392,157805,4.84130434782608,924428,14.4,50510
2015,Iowa,170,75,44,24,45,68.6,131,149178,5.9,2396603,94.1,1701520,1637261,96.22626262626262,64259,3.77373737373737,366453,12.1,54843
2015,Kansas,150,74,36,26,21,80.5,190,253816,10.5,2169065,89.5,1490701,1428566,96.10666666666667,62135,3.89333333333333,366069,12.9,53802
2015,Kentucky,885,382,323,60,310,102.6,281,258239,7.1,3385055,92.9,1979704,1874876,93.49333333333334,104828,6.50666666666666,786345,18.3,45178
2015,Louisiana,287,108,38,16,126,100.4,108,538466,13.8,3368202,86.2,2158662,2022149,92.6734375,136513,7.3265625,885846,19.5,45829
2015,Maine,238,102,116,36,52,76.5,178,108771,10.3,942917,89.7,683207,653242,95.14375,29965,4.85625,171266,13.2,51419
2015,Maryland,1087,398,357,182,405,63,333,374972,7.4,4666572,92.6,3139754,2980009,94.3375,159745,5.6625,583369,9.9,75784
2015,Massachusetts,1550,225,949,82,634,54,279,180139,3.2,5376938,96.8,3590348,3417790,94.82142857142858,172558,5.17857142857142,752453,11.5,70659
2015,Michigan,1309,380,457,171,646,90.5,415,590197,7.2,7584232,92.8,4759311,4501005,93.5421686746988,258306,6.4578313253012,1524330,15.7,51063
2015,Minnesota,338,125,55,55,115,52.1,309,237981,5.2,4358615,94.8,2997757,2887136,95.65517241379311,110621,4.34482758620689,546499,10.2,63459
2015,Mississippi,150,73,35,12,38,110.9,72,365919,14.8,2103477,85.2,1265253,1184276,92.4109756097561,80977,7.5890243902439,638919,22.1,40630
2015,Missouri,692,237,183,62,303,84.5,225,574373,11.5,4412587,88.5,3075235,2920764,94.55130434782609,154471,5.44869565217391,875704,14.8,50200
2015,Montana,48,26,NA,NA,NA,73.3,50,118357,14.2,717247,85.8,517569,495982,95.66964285714286,21587,4.33035714285714,144634,14.4,49650
2015,Nebraska,55,30,13,12,NA,65.5,107,148165,9.4,1428013,90.6,1007263,976994,97.11505376344087,30269,2.88494623655913,224696,12.2,55073
2015,Nevada,419,259,32,57,82,85.4,62,341952,14.1,2089393,85.9,1407273,1312102,93.22352941176472,95171,6.77647058823529,424824,14.9,52544
2015,New Hampshire,380,63,285,25,78,74.8,43,84026,7.8,996349,92.2,745460,720361,96.69,25099,3.31,108293,8.4,70003
2015,New Jersey,862,237,243,55,508,56,299,745867,10,6736702,90,4489006,4229161,93.77619047619048,259845,6.22380952380952,945989,10.8,72337
2015,New Mexico,351,160,42,33,156,69.8,121,225491,13.1,1490759,86.9,934225,873425,92.82727272727273,60800,7.17272727272727,405364,19.8,45524
2015,New York,2166,705,668,246,1058,45.1,780,1351396,8.2,15066810,91.8,9561881,9057472,94.46451612903226,504409,5.53548387096774,2985604,15.5,60805
2015,North Carolina,1171,554,300,108,393,88.4,366,1080102,13,7234965,87,4770870,4497318,93.595,273552,6.405,1607249,16.4,47884
2015,North Dakota,34,15,NA,NA,NA,53,56,54797,8.7,575928,91.3,413071,401537,96.68301886792453,11534,3.31698113207547,78613,10.7,61674
2015,Ohio,2698,690,1234,109,1444,82.7,310,735492,7.7,8792642,92.3,5696702,5416918,94.66136363636365,279784,5.33863636363636,1670487,14.8,51086
2015,Oklahoma,427,277,93,62,36,104.4,148,522022,16.1,2716238,83.9,1832671,1751853,95.07792207792208,80818,4.92207792207792,608507,16,48595
2015,Oregon,331,150,34,70,102,84.2,203,278293,8.4,3024852,91.6,1978636,1867912,93.58333333333334,110724,6.41666666666666,601626,15.2,54074
2015,Pennsylvania,1362,460,429,89,663,75.5,471,786343,7.6,9509333,92.4,6415823,6075921,94.34776119402986,339902,5.65223880597014,1624991,13.1,55683
2015,Rhode Island,254,95,137,30,45,65.7,46,56939,6.7,797081,93.3,554584,521374,94.38,33210,5.62,143724,14.1,57265
2015,South Carolina,554,322,161,57,100,95.1,91,517674,13,3459554,87,2267555,2132102,92.95,135453,7.05,796609,16.8,47308
2015,South Dakota,27,10,NA,NA,NA,59.1,56,82558,11.8,619387,88.2,449861,435919,96.4,13942,3.6,111697,13.5,53263
2015,Tennessee,1038,643,251,67,205,114.9,191,656235,12,4797982,88,3061513,2889415,93.41894736842106,172098,6.58105263157894,1077866,16.7,47243
2015,Texas,1287,473,186,144,523,59.8,380,4536765,19.2,19140106,80.8,13095850,12513697,95.26614173228347,582153,4.73385826771653,4255690,15.9,55668
2015,Utah,448,357,62,45,127,74.4,149,306968,11.6,2339921,88.4,1460660,1407817,95.14827586206897,52843,4.85172413793103,331233,11.2,62961
2015,Vermont,79,25,33,NA,33,60.1,39,23229,4.7,472219,95.3,344629,332355,95.96428571428572,12274,4.03571428571428,62643,10.4,56883
2015,Virginia,820,276,270,67,353,68.1,200,722551,10.4,6253241,89.6,4216148,4028405,94.8609022556391,187743,5.1390977443609,914226,11.2,66263
2015,Washington,692,261,65,111,303,69.8,376,459596,7.6,5561786,92.4,3550453,3349996,93.05128205128206,200457,6.94871794871794,860734,12.2,64080
2015,West Virginia,629,356,217,29,194,111.3,90,106941,7.3,1358296,92.7,781906,729217,92.26545454545455,52689,7.73454545454545,322589,18,41969
2015,Wisconsin,622,249,112,73,287,67.5,228,314933,6.6,4435087,93.4,3092185,2951488,94.9375,140697,5.0625,679937,12.1,55623
2015,Wyoming,46,28,NA,NA,NA,75.4,52,65487,13.4,424832,86.6,304400,291294,95.82173913043479,13106,4.17826086956521,60787,10.6,61213
2016,Alabama,343,94,157,34,126,121,122,427972,10.8,3545106,89.2,2177218,2049979,93.33731343283583,127239,6.66268656716417,814197,17.2,46309
2016,Alaska,94,45,NA,13,49,58.9,80,100787,15.5,548727,84.5,362235,337370,90.63103448275862,24865,9.36896551724138,71916,9.9,76144
2016,Arizona,769,326,123,75,299,70.2,282,669819,11.9,4943358,88.1,3240593,3066012,92.30666666666667,174581,7.69333333333333,1107153,16.4,53481
2016,Arkansas,169,114,38,32,13,114.6,89,228342,9.4,2199165,90.6,1340009,1286881,95.37733333333334,53128,4.62266666666666,497388,17.2,44406
2016,California,2012,955,355,281,587,44.8,1138,2787305,8.4,30474373,91.6,19044474,18002774,93.07068965517242,1041700,6.92931034482758,5527621,14.4,67715
2016,Colorado,536,212,72,58,234,59.8,349,401879,8.6,4293388,91.4,2896779,2803441,96.696875,93338,3.303125,598378,11,65718
2016,Connecticut,855,206,500,72,450,55.9,186,168258,5.8,2748163,94.2,1891276,1793906,94.9875,97370,5.0125,342171,9.9,73380
2016,Delaware,154,31,79,11,56,79.2,37,51494,6.7,711795,93.3,472243,450912,95.4,21331,4.6,109592,11.8,62112
2016,District of Columbia,209,52,129,21,122,32.5,26,23274,4.1,546995,95.9,395424,371295,93.9,24129,6.1,119778,18.5,74093
2016,Florida,2798,1030,1566,203,669,66.6,562,2478194,15.4,13664572,84.6,9825697,9354563,94.90597014925373,471134,5.09402985074626,2986237,14.8,50857
2016,Georgia,918,455,277,115,226,77.8,272,1295994,14.9,7410654,85.1,4921505,4658058,93.94905660377358,263447,6.05094339622641,1612368,16.1,53468
2016,Hawaii,77,44,NA,15,20,41.9,149,48641,4.2,1107015,95.8,682961,662784,96.8,20177,3.2,132597,9.5,74659
2016,Idaho,119,64,20,15,25,77.6,107,165164,11.8,1236981,88.2,815081,784174,95.65454545454546,30907,4.34545454545454,228037,13.8,51647
2016,Illinois,1947,378,907,123,1040,56.8,612,801267,7.5,9890849,92.5,6549853,6169529,93.9343137254902,380324,6.0656862745098,1620974,13,60977
2016,Indiana,794,231,304,34,297,83.9,236,518435,9.5,4963779,90.5,3328905,3181902,95.5391304347826,147003,4.46086956521739,899168,14,52289
2016,Iowa,183,82,58,13,47,64,134,126746,5,2418293,95,1694148,1633325,96.40404040404042,60823,3.59595959595959,354429,11.7,56354
2016,Kansas,146,83,27,10,32,76.9,180,239482,9.9,2169620,90.1,1485335,1425443,96.16285714285715,59892,3.83714285714285,343773,12.2,54828
2016,Kentucky,989,403,465,48,311,97.2,298,218900,6,3414007,94,2014115,1910905,93.48083333333334,103210,6.51916666666666,782779,18.2,46610
2016,Louisiana,346,111,89,16,149,98.1,106,460244,11.8,3429702,88.2,2121079,1992630,93.0203125,128449,6.9796875,911970,20.1,45374
2016,Maine,301,132,199,37,55,66.9,198,105736,10.1,941147,89.9,691227,665059,95.79375,26168,4.20625,159523,12.3,52926
2016,Maryland,1821,666,1091,197,650,58.7,363,353248,7,4670972,93,3160074,3019151,95,140923,5,572786,9.7,78787
2016,Massachusetts,1990,267,1550,95,630,47.1,308,165417,3,5380246,97,3619688,3479438,95.81428571428572,140250,4.18571428571428,688366,10.5,75207
2016,Michigan,1762,560,921,149,727,84.9,431,519190,6.4,7612826,93.6,4848090,4606695,94.00722891566267,241395,5.99277108433734,1449683,14.9,52436
2016,Minnesota,396,137,99,67,149,46.9,333,220535,4.8,4381792,95.2,3033411,2916354,95.38620689655173,117057,4.61379310344827,531789,9.9,65583
2016,Mississippi,180,97,45,NA,33,105.6,71,342668,14,2108492,86,1279437,1205192,93.14268292682927,74245,6.85731707317073,606873,21,41793
2016,Missouri,914,231,441,41,380,80.4,238,526350,10.6,4444115,89.4,3080862,2940319,94.91130434782609,140543,5.08869565217391,826358,14,51713
2016,Montana,42,12,14,NA,NA,69.8,44,84231,10,754051,90,522157,500515,95.65,21642,4.35,136439,13.4,50265
2016,Nebraska,44,22,13,NA,NA,62.8,111,153934,9.7,1425255,90.3,1009446,978536,97.02043010752689,30910,2.97956989247311,208864,11.3,56979
2016,Nevada,408,235,53,53,86,80.7,61,323527,13.1,2137466,86.9,1424145,1342473,94.33529411764707,81672,5.66470588235294,407308,14.1,55201
2016,New Hampshire,437,69,363,29,34,64.3,52,78021,7.2,998266,92.8,751316,729894,97.19,21422,2.81,97753,7.6,70986
2016,New Jersey,1409,346,689,84,850,52.6,299,681347,9.2,6762991,90.8,4474687,4252061,94.66190476190476,222626,5.33809523809523,915390,10.4,76212
2016,New Mexico,349,153,78,41,161,65.1,113,189965,11.2,1511626,88.8,936349,874424,92.95151515151517,61925,7.04848484848484,390461,19.1,46844
2016,New York,3009,892,1641,289,1307,42.7,806,1151995,7.1,15147470,92.9,9557101,9093570,94.88387096774194,463531,5.11612903225806,2843954,14.8,62700
2016,North Carolina,1506,611,601,118,544,82.5,413,1023107,12.2,7332350,87.8,4860272,4613303,94.346,246969,5.654,1523034,15.4,50595
2016,North Dakota,54,17,15,NA,12,47.8,56,47683,7.6,581913,92.4,412770,399997,96.51509433962265,12773,3.48490566037735,76951,10.5,61898
2016,Ohio,3613,785,2296,96,1478,75.3,333,632536,6.7,8847334,93.3,5739031,5450632,94.50227272727273,288399,5.49772727272727,1639636,14.5,52357
2016,Oklahoma,444,285,98,46,53,97.9,136,517631,16,2720564,84,1832010,1743816,94.70389610389611,88194,5.29610389610389,615050,16.1,49204
2016,Oregon,312,128,43,46,114,76.3,188,248573,7.4,3091231,92.6,2048357,1949932,94.49166666666667,98425,5.50833333333333,538169,13.4,57379
2016,Pennsylvania,2235,634,1309,113,926,69.5,478,691654,6.8,9542054,93.2,6450059,6103011,94.0955223880597,347048,5.90447761194029,1589584,12.9,56897
2016,Rhode Island,279,89,182,29,25,60.3,48,43275,5.1,806379,94.9,553418,524702,95.16,28716,4.84,134683,13.3,60046
2016,South Carolina,628,342,237,56,115,89.4,94,484799,12.1,3517117,87.9,2290570,2175590,94.11521739130436,114980,5.88478260869565,739574,15.3,49587
2016,South Dakota,42,25,10,NA,NA,54.8,49,73089,10.4,632325,89.6,452781,439297,96.5469696969697,13484,3.4530303030303,107953,12.9,54926
2016,Tennessee,1186,679,395,83,260,107.5,186,581927,10.6,4888205,89.4,3128889,2981615,94.46105263157895,147274,5.53894736842105,1023825,15.8,48506
2016,Texas,1375,501,250,139,530,57.6,393,4444791,18.6,19498708,81.4,13347330,12731138,94.88228346456692,616192,5.11771653543307,4261291,15.6,56583
2016,Utah,466,322,72,40,166,70.4,188,259941,9.7,2431557,90.3,1506242,1454400,95.16896551724138,51842,4.83103448275862,307270,10.2,65931
2016,Vermont,101,23,53,13,45,58.6,41,23063,4.7,468242,95.3,344808,333646,96.34285714285716,11162,3.65714285714285,67825,11.3,57661
2016,Virginia,1130,343,648,77,450,63.4,197,692343,9.9,6273038,90.1,4242677,4069051,95.25864661654136,173626,4.74135338345864,897244,11,68127
2016,Washington,709,292,93,122,283,64.9,377,420125,6.9,5678339,93.1,3643696,3451378,93.42564102564103,192318,6.57435897435897,808582,11.3,67064
2016,West Virginia,733,322,435,27,235,96,94,94163,6.5,1350757,93.5,782912,735160,92.90727272727273,47752,7.09272727272727,318368,17.9,43175
2016,Wisconsin,866,328,288,67,389,62.2,218,297297,6.3,4435428,93.7,3125315,3000235,95.58055555555556,125080,4.41944444444444,661465,11.8,56808
2016,Wyoming,50,26,NA,NA,NA,71.1,46,65310,13.4,421455,86.6,300738,284684,94.91739130434783,16054,5.08260869565217,62416,10.9,61686
2017,Alabama,422,141,198,30,125,107.2,118,438049,11,3528068,89,2178247,2081679,94.9313432835821,96568,5.06865671641791,802263,16.9,48193
2017,Alaska,102,47,37,NA,36,52,84,94727,14.8,547158,85.2,360762,335686,90.91379310344828,25076,9.08620689655172,79428,11,74058
2017,Arizona,928,349,267,83,334,61.2,302,685974,12.1,4982198,87.9,3327952,3165129,93.22666666666667,162823,6.77333333333333,1023337,14.9,56508
2017,Arkansas,188,116,68,17,15,105.4,100,226179,9.3,2204999,90.7,1347634,1297651,95.73333333333333,49983,4.26666666666666,475883,16.3,45916
2017,California,2199,973,536,253,715,39.5,1107,2740078,8.2,30646193,91.8,19205297,18285492,93.95862068965518,919805,6.04137931034482,5164169,13.3,71785
2017,Colorado,578,254,112,58,224,52.9,347,410250,8.7,4322932,91.3,2992418,2911081,97.2875,81337,2.7125,566118,10.3,69113
2017,Connecticut,955,188,686,95,425,48,200,182122,6.3,2721735,93.7,1896941,1807508,95.4125,89433,4.5875,338651,9.7,74428
2017,Delaware,250,64,178,15,121,68.3,26,46586,6.1,719729,93.9,476845,455489,95.4,21356,4.6,121592,13,64085
2017,District of Columbia,244,39,182,24,127,28.5,24,24833,4.3,552601,95.7,401450,377153,93.9,24297,6.1,109502,16.6,80153
2017,Florida,3245,1133,2126,175,707,60.9,536,2615963,16,13780608,84,10093457,9669230,95.57313432835821,424227,4.42686567164179,2901876,14.1,52582
2017,Georgia,1014,513,419,83,263,70.9,254,1361978,15.5,7407882,84.5,5058964,4822268,94.75471698113208,236696,5.24528301886792,1536069,15.1,56117
2017,Hawaii,53,33,NA,NA,10,37,145,53025,4.6,1091695,95.4,683619,667010,97.45,16609,2.55,132201,9.5,77936
2017,Idaho,103,55,22,14,23,70.3,106,168400,11.8,1257829,88.2,834696,807820,96.31136363636364,26876,3.68863636363636,211937,12.6,52280
2017,Illinois,2202,494,1251,155,1187,51.1,580,837890,7.9,9783739,92.1,6489618,6170549,94.87058823529412,319069,5.12941176470588,1568670,12.5,63044
2017,Indiana,1176,390,649,49,327,74.2,277,526667,9.6,4954826,90.4,3336661,3218122,96.43152173913045,118539,3.56847826086956,860753,13.3,54134
2017,Iowa,206,95,92,16,61,56.4,142,139424,5.5,2405747,94.5,1678354,1626388,96.92525252525253,51966,3.07474747474747,328629,10.8,58706
2017,Kansas,144,74,32,17,25,69.8,166,243306,10.1,2157862,89.9,1478718,1424720,96.62095238095239,53998,3.37904761904761,335371,11.9,56382
2017,Kentucky,1160,399,780,49,269,86.8,335,231153,6.4,3398236,93.6,2053763,1953037,93.95583333333335,100726,6.04416666666666,738563,17.1,48332
2017,Louisiana,415,161,156,10,162,89.5,107,372802,9.6,3496551,90.4,2103642,1995948,94.121875,107694,5.878125,893827,19.6,46283
2017,Maine,360,75,278,30,76,55.7,174,106863,10.2,936157,89.8,698421,674750,96.25,23671,3.75,147413,11.3,55980
2017,Maryland,1985,524,1542,241,522,51.7,360,353922,7,4680633,93,3193489,3057673,95.2625,135816,4.7375,556549,9.4,80711
2017,Massachusetts,1913,254,1649,79,466,40.1,333,182389,3.3,5378577,96.7,3695995,3557039,95.93571428571428,138956,4.06428571428571,692943,10.5,77385
2017,Michigan,2033,510,1368,148,783,74.2,431,496654,6.1,7614452,93.9,4886092,4660716,94.15903614457832,225376,5.84096385542168,1373358,14.1,54840
2017,Minnesota,422,150,184,50,111,41,337,235543,5.1,4396349,94.9,3057027,2952963,95.94597701149426,104064,4.05402298850574,517348,9.5,68364
2017,Mississippi,185,89,81,NA,34,92.9,69,352306,14.5,2083812,85.5,1280576,1215303,93.99268292682927,65273,6.00731707317073,573717,19.9,43595
2017,Missouri,952,226,618,32,299,71.8,236,541217,10.9,4421760,89.1,3061452,2946346,95.88521739130435,115106,4.11478260869565,793001,13.4,53506
2017,Montana,38,22,NA,NA,NA,61.1,60,87780,10.4,752910,89.6,524918,504257,95.87678571428572,20661,4.12321428571428,130616,12.7,53262
2017,Nebraska,59,32,25,NA,NA,56.6,116,152068,9.6,1431939,90.4,1011635,982445,97.16881720430108,29190,2.83118279569892,198984,10.7,59913
2017,Nevada,412,239,66,46,94,73,61,327604,13.1,2172053,86.9,1458347,1384607,95.34117647058824,73740,4.65882352941176,392857,13.3,57932
2017,New Hampshire,424,51,374,15,28,52.8,67,75492,7,999570,93,754466,733986,97.35,20480,2.65,100550,7.7,73638
2017,New Jersey,1969,424,1376,82,1085,44.2,321,668596,9,6795205,91,4453526,4247537,95.01904761904763,205989,4.98095238095238,882132,10,80106
2017,New Mexico,332,144,75,33,144,56.4,120,186717,11,1510853,89,936238,881253,93.75454545454546,54985,6.24545454545454,388790,19,47086
2017,New York,3224,821,2238,283,1356,37.8,769,1079651,6.6,15195495,93.4,9561409,9113608,94.81774193548388,447801,5.18225806451612,2735578,14.1,64783
2017,North Carolina,1953,573,1285,103,537,72,428,1063335,12.6,7346095,87.4,4938087,4717237,95.093,220850,4.907,1468032,14.7,52797
2017,North Dakota,35,18,12,NA,NA,41.5,62,53542,8.6,570773,91.4,410394,399448,97.01698113207549,10946,2.98301886792452,74057,10.2,62400
2017,Ohio,4293,854,3523,106,1000,63.5,359,671470,7.1,8793646,92.9,5770180,5483140,94.77045454545456,287040,5.22954545454545,1575401,13.9,54077
2017,Oklahoma,388,226,102,31,61,88.1,164,533903,16.5,2698918,83.5,1836282,1758421,95.5844155844156,77861,4.41558441558441,600911,15.8,50051
2017,Oregon,344,124,85,38,124,66.1,202,277244,8.2,3091707,91.8,2090659,2004580,95.20555555555556,86079,4.79444444444444,534846,13.2,60123
2017,Pennsylvania,2548,564,1982,64,819,57.7,488,674739,6.6,9529795,93.4,6424630,6110556,94.78507462686568,314074,5.21492537313432,1548557,12.5,59165
2017,Rhode Island,277,74,201,30,14,51.2,46,46220,5.4,803016,94.6,553688,529252,95.9,24436,4.1,125208,12.3,62923
2017,South Carolina,749,312,404,45,153,79.3,91,528726,13.1,3502240,86.9,2306019,2207400,95.02608695652174,98619,4.97391304347826,750359,15.4,50675
2017,South Dakota,35,14,14,NA,NA,49,52,76049,10.8,630439,89.2,456104,441555,96.29848484848485,14549,3.70151515151515,107522,12.8,56871
2017,Tennessee,1269,592,590,69,311,94.4,199,621332,11.3,4883445,88.7,3190177,3070260,95.62315789473685,119917,4.37684210526315,980394,15,51319
2017,Texas,1458,535,348,129,569,53.1,385,4704625,19.4,19557108,80.6,13589234,13002846,95.51102362204725,586388,4.48897637795275,4080377,14.7,59195
2017,Utah,456,290,92,46,147,63.8,216,273905,10,2452730,90,1548263,1497812,95.73793103448276,50451,4.26206896551724,296138,9.7,68395
2017,Vermont,114,27,77,14,41,50.5,40,26857,5.5,459844,94.5,346136,335855,96.62142857142858,10281,3.37857142857142,65068,10.8,58271
2017,Virginia,1241,336,829,83,556,52.9,187,709136,10.2,6273676,89.8,4309592,4150133,95.79398496240601,159459,4.20601503759398,876438,10.7,71518
2017,Washington,742,250,143,119,306,57.2,362,438678,7.1,5747377,92.9,3718904,3543667,94.18974358974359,175237,5.81025641025641,799675,11,70942
2017,West Virginia,833,279,618,35,244,81.3,90,106784,7.5,1315133,92.5,779592,739079,94.05636363636364,40513,5.94363636363636,326502,18.5,43238
2017,Wisconsin,926,318,466,58,414,52.6,247,303172,6.4,4421498,93.6,3140412,3037456,96.40833333333335,102956,3.59166666666666,640174,11.3,59300
2017,Wyoming,47,30,17,NA,NA,64.8,47,67560,14.2,409831,85.8,292924,280690,95.99565217391304,12234,4.00434782608695,61319,10.8,61279
